x_0,y_0,x_1,y_1,x_2,y_2,x_3,y_3,x_4,y_4,x_5,y_5,x_6,y_6,x_7,y_7,x_8,y_8,x_9,y_9,x_10,y_10,x_11,y_11,x_12,y_12,x_13,y_13,x_14,y_14,x_15,y_15,x_16,y_16,x_17,y_17,x_18,y_18,x_19,y_19,x_20,y_20,angle_0,angle_1,angle_2,angle_3,angle_4,angle_5,angle_6,angle_7,angle_8,angle_9,sign_label
0.2270241826772689,0.7925567626953125,0.2507696747779846,0.7718214988708496,0.2498518973588943,0.745050847530365,0.2149195373058319,0.732642412185669,0.1798985451459884,0.7164627909660339,0.2332954853773117,0.6408456563949585,0.2233752459287643,0.5618677139282227,0.2116297483444214,0.5134918689727783,0.202024295926094,0.4758688807487488,0.2015835642814636,0.6534043550491333,0.166232943534851,0.6315483450889587,0.1700697839260101,0.6782019138336182,0.1852137446403503,0.7019694447517395,0.1768192946910858,0.6737149953842163,0.1515351086854934,0.6737130284309387,0.1615645140409469,0.7105619311332703,0.1765488535165786,0.7201433777809143,0.1609506905078888,0.6962579488754272,0.1435500681400299,0.7035306096076965,0.154065266251564,0.7299901843070984,0.1689408272504806,0.7356963753700256,129.16491980177574,170.4736061959697,132.08771099625113,112.90615917717471,101.7724951037624,111.51921026740573,173.51214683956124,53.5715108794849,74.7698004007036,91.00950880865852,D
0.2351700514554977,0.8097923994064331,0.2562410831451416,0.7819613814353943,0.2534551322460174,0.7409228682518005,0.2124730944633484,0.7258875370025635,0.1768155992031097,0.7120282649993896,0.2318068146705627,0.6395192742347717,0.2227324098348617,0.5640767216682434,0.2121427953243255,0.5145535469055176,0.2032050192356109,0.4756446182727813,0.201954960823059,0.6533480882644653,0.1658685058355331,0.6373882293701172,0.1730672866106033,0.68597412109375,0.1920977234840393,0.7114805579185486,0.1795119047164917,0.6735395789146423,0.1498254984617233,0.6690506339073181,0.1611381769180297,0.7081531882286072,0.1796712726354599,0.7222754955291748,0.164533719420433,0.6989566683769226,0.1406473964452743,0.6957153081893921,0.1515812575817108,0.7237627506256104,0.1693611294031143,0.7355438470840454,138.9867794051316,174.2728410841922,125.84486222532684,120.8182831897339,130.2374276685434,114.03051871057494,174.7888462058525,57.71378665117415,65.26574941441204,60.97464595845936,D
0.2292093187570572,0.7774937152862549,0.2525318264961242,0.7604357600212097,0.2486472576856613,0.7355396747589111,0.2147682309150695,0.7204344868659973,0.1758454591035843,0.7169009447097778,0.2341988384723663,0.6415830254554749,0.2300710678100586,0.575847864151001,0.2211157381534576,0.5241371393203735,0.2167911678552627,0.4891112446784973,0.2042982876300811,0.6536266207695007,0.1706730425357818,0.637820303440094,0.1770174503326416,0.6793954372406006,0.1919980943202972,0.7002528309822083,0.1811919212341308,0.6726651191711426,0.1546919643878936,0.6751189827919006,0.1672989577054977,0.7045670747756958,0.1833122968673706,0.7134537100791931,0.1647495031356811,0.6953519582748413,0.1454426944255828,0.7034897804260254,0.1582762002944946,0.7251356840133667,0.175352469086647,0.7319244146347046,117.31310711836215,174.3044048532326,126.54807161893262,109.32001291374884,105.26722048583068,122.8984457004346,173.76800483033756,56.14659544240381,72.11422952873947,82.19241331541889,D
0.2397552579641342,0.8100907206535339,0.2596396505832672,0.7798983454704285,0.2548502683639526,0.7368597984313965,0.2114973366260528,0.7214731574058533,0.1724665164947509,0.7078616619110107,0.2353352606296539,0.6371198296546936,0.2236772328615188,0.5609244704246521,0.2132109999656677,0.512344479560852,0.2050600945949554,0.4732130765914917,0.2045992910861969,0.6520084738731384,0.1714706867933273,0.6394995450973511,0.1796931028366089,0.6881082057952881,0.1986612677574157,0.7155820727348328,0.1816143244504928,0.67307448387146,0.1528923362493515,0.6661360263824463,0.1640051305294037,0.7042100429534912,0.1819107383489608,0.7201387882232666,0.1671143919229507,0.6975892782211304,0.1421102732419967,0.6927814483642578,0.1529082655906677,0.7199157476425171,0.1709913611412048,0.7331876158714294,140.28168484701624,172.76488699621208,123.2238695261781,126.57418621709488,133.7339387205948,115.89039800860584,176.54074316936146,59.71311339835396,60.14795563590351,57.416022765264536,D
0.2386188358068466,0.8082220554351807,0.2596152424812317,0.779795229434967,0.2579856812953949,0.7348220348358154,0.2120642364025116,0.7207990884780884,0.1714241653680801,0.7105568647384644,0.2372117936611175,0.6360816955566406,0.225459411740303,0.5603655576705933,0.2154432833194732,0.5131478905677795,0.206739604473114,0.4740380048751831,0.2064897119998932,0.6494431495666504,0.1778118163347244,0.6409792900085449,0.1892798393964767,0.6909219622612,0.2082081884145736,0.7169365882873535,0.1831682473421096,0.670046329498291,0.1573979705572128,0.6673961877822876,0.1718265116214752,0.7075209021568298,0.1897157877683639,0.7206576466560364,0.1672237515449524,0.6953719258308411,0.1457480937242508,0.6949305534362793,0.1595880538225174,0.7244912385940552,0.1770534068346023,0.7360533475875854,141.47481397086597,171.64547700217872,117.88260462167872,117.7373251725754,123.49704390714314,109.05615232617671,176.84640329726528,60.62452142717412,64.3503077702437,63.734177547378025,D
0.2416145801544189,0.8117872476577759,0.262329638004303,0.7814251184463501,0.260689914226532,0.7360278367996216,0.2173896431922912,0.7203065752983093,0.1767725944519043,0.7095509767532349,0.2391110956668853,0.6369285583496094,0.2259220778942108,0.5613585710525513,0.2155506312847137,0.5142120122909546,0.2066854834556579,0.4754519760608673,0.2086929082870483,0.6523309946060181,0.1793740838766098,0.6365805864334106,0.186386376619339,0.6823650598526001,0.2026677578687667,0.7104082703590393,0.1863482445478439,0.6744346022605896,0.1583765000104904,0.662472128868103,0.1694145202636718,0.6994536519050598,0.1869494020938873,0.7172642946243286,0.1722863465547561,0.7011930346488953,0.1480222195386886,0.6937466859817505,0.1592688858509063,0.7195722460746765,0.17779041826725,0.7342260479927063,143.62700759026035,170.92029978759282,129.91069747799023,135.072877546065,139.14295665128472,112.02330365899864,177.4934630781261,53.04711522296069,50.22641580987172,49.40697867492952,D
0.2352285832166671,0.7727843523025513,0.2578171193599701,0.7556359171867371,0.2551923990249634,0.7284694910049438,0.2196066081523895,0.7161967158317566,0.180854931473732,0.7119148373603821,0.2379142045974731,0.6335146427154541,0.2328544557094574,0.5669389367103577,0.2226359844207763,0.5166522264480591,0.2142166197299957,0.4806869328022003,0.2046035528182983,0.6445327997207642,0.1841630041599273,0.64058518409729,0.1965485215187072,0.6817196011543274,0.2092982232570648,0.696647584438324,0.180665984749794,0.6677541136741638,0.166236400604248,0.6803878545761108,0.1838298141956329,0.7084511518478394,0.1960553228855133,0.7110717296600342,0.1651352047920227,0.6962444186210632,0.15828338265419,0.7132778763771057,0.1748187094926834,0.7347252368927002,0.1869276911020279,0.7354743480682373,121.68593169311517,174.54914774863263,114.3608686015483,76.24802944800409,64.39546832268748,114.54679346368808,172.8597703601142,62.31225078521374,99.11920536969598,120.45597556235673,D
0.2449631541967392,0.8147760629653931,0.2653379440307617,0.7816899418830872,0.2635617256164551,0.7350088357925415,0.2191313952207565,0.7201076149940491,0.1788275092840194,0.709481418132782,0.2409533709287643,0.6367570757865906,0.2275486886501312,0.5622823238372803,0.2168565094470977,0.5158654451370239,0.2069795876741409,0.4773971438407898,0.2106834501028061,0.6515707969665527,0.1834651976823806,0.6458057761192322,0.1962614208459854,0.6920651793479919,0.2147882729768753,0.7151662111282349,0.1881236582994461,0.6741960048675537,0.1615740060806274,0.6702088117599487,0.1768528074026107,0.7068339586257935,0.1948377788066864,0.7188420295715332,0.1733127236366272,0.7015371918678284,0.1503830701112747,0.6981881856918335,0.1638806760311126,0.7249554991722107,0.1815766841173172,0.7365195155143738,146.1957348145187,171.08694121889084,113.82091014874273,120.55530753533787,130.63267242602674,110.71968352437624,177.23152858142103,62.57863976425107,58.81493424325925,54.930534625469136,D
0.2513379454612732,0.8158182501792908,0.2697699666023254,0.7820128202438354,0.2641026377677917,0.7379809021949768,0.2194838374853134,0.7252702713012695,0.1807878762483596,0.714325487613678,0.2470918297767639,0.6353873610496521,0.2304762899875641,0.5613150596618652,0.2185108065605163,0.5147686004638672,0.2077524960041046,0.4760532975196838,0.2185895889997482,0.6513267159461975,0.1891539096832275,0.646332859992981,0.2025899440050125,0.6930395364761353,0.2224558293819427,0.7134117484092712,0.196257084608078,0.6742041110992432,0.1673931181430816,0.6696256995201111,0.1829288005828857,0.7075201869010925,0.2021213322877884,0.7175868153572083,0.181364819407463,0.701205849647522,0.1565130800008773,0.6992279887199402,0.1706568449735641,0.7266334891319275,0.1894293874502182,0.7361451983451843,144.0648900999273,168.70507399766151,110.88843157118116,120.26674511283268,125.95526137723384,113.2349420212183,178.22642055461586,64.32241594952629,58.69455586768404,58.15171958213011,D
0.2555786073207855,0.8081880807876587,0.2725173830986023,0.7760071754455566,0.2671840190887451,0.7293877601623535,0.2230772227048874,0.7147724032402039,0.1858888268470764,0.706445038318634,0.2514614164829254,0.6314648389816284,0.232195034623146,0.5563153624534607,0.2198624461889267,0.512008011341095,0.2090586423873901,0.4731951057910919,0.2231725603342056,0.6470804214477539,0.197287455201149,0.6466195583343506,0.2172572612762451,0.689494788646698,0.2388957738876342,0.6997308731079102,0.200551375746727,0.6687331199645996,0.1767040938138961,0.6713252067565918,0.1973952353000641,0.7075586318969727,0.2171014100313186,0.7091748118400574,0.183948278427124,0.6946313977241516,0.1667373180389404,0.6988303065299988,0.1841154545545578,0.7267835140228271,0.2014015167951584,0.7324730753898621,145.71303764775558,166.95514835957616,102.3930117230978,105.33016282762163,108.5328262239916,114.85967236235837,178.82534401059664,64.00552057786281,66.47484652866697,71.84179407688991,D
0.2658514678478241,0.8056725859642029,0.2824210226535797,0.7710485458374023,0.2744253873825073,0.727695643901825,0.2310158163309097,0.715661346912384,0.1936217844486236,0.7099195122718811,0.2568466961383819,0.627910852432251,0.2419236004352569,0.5561655163764954,0.2294357717037201,0.5100771188735962,0.2176547795534134,0.4728230834007263,0.231359601020813,0.6453235149383545,0.1993547528982162,0.6409037113189697,0.2160827070474624,0.6786642670631409,0.2370685040950775,0.6888567209243774,0.2112913280725479,0.6687154769897461,0.1845567524433136,0.6741091012954712,0.2027557790279388,0.706395149230957,0.221350222826004,0.7075765132904053,0.1965433955192566,0.6952188611030579,0.1743344962596893,0.6997376084327698,0.191021516919136,0.7255192399024963,0.2092632502317428,0.7312339544296265,143.97654422779277,171.14988592846305,110.00232100927435,100.31489350087638,110.60692819193022,115.94451335540693,176.5895328870936,58.24392436984072,71.9970310309559,68.58798910805285,D
0.2816433012485504,0.8032017946243286,0.3029366731643677,0.7644567489624023,0.3011887669563293,0.7203326225280762,0.2661068141460418,0.7023930549621582,0.2344449311494827,0.7004384994506836,0.2868022620677948,0.629586398601532,0.2721112370491028,0.5535167455673218,0.2604100704193115,0.5059136152267456,0.2503090798854828,0.4675052165985107,0.2583141326904297,0.6416742205619812,0.2332024127244949,0.636746883392334,0.2460797429084777,0.6782639026641846,0.2667640447616577,0.6976048350334167,0.2337840497493744,0.660851001739502,0.2115996479988098,0.6569082736968994,0.2247767150402069,0.6922076344490051,0.2440514266490936,0.7059516906738281,0.2148793935775756,0.6830546259880066,0.19769948720932,0.6826238632202148,0.2115311175584793,0.7116805911064148,0.2301835119724273,0.7244377732276917,148.93933897361987,167.36723193016195,109.31965665743448,118.66065523082156,120.49655780443376,119.35195755160242,177.12083785206215,61.66633448321538,59.45197954140341,63.10822968977459,D
0.3011336028575897,0.79815673828125,0.3232844769954681,0.7513062953948975,0.3189794719219208,0.6990886926651001,0.2890981435775757,0.6755654215812683,0.2570860683917999,0.6778889894485474,0.3054603636264801,0.6260272860527039,0.2906298041343689,0.5485587120056152,0.2788555026054382,0.4981293976306915,0.2689567506313324,0.4582759737968445,0.2771828770637512,0.6369132399559021,0.2561416327953338,0.6280457377433777,0.2626129984855652,0.6673570275306702,0.2766702771186828,0.6895447373390198,0.2519167959690094,0.6597161293029785,0.2356768697500229,0.6557286381721497,0.2456672042608261,0.6880581974983215,0.2601018249988556,0.7034845352172852,0.2325177192687988,0.6867142915725708,0.2202428430318832,0.6837561130523682,0.2320978641510009,0.7079395651817322,0.2459217607975006,0.72065669298172,149.9822215486602,167.72251837954178,121.30103068620144,123.3660139084236,135.1704960764175,132.92364666130297,177.6954981040341,57.79966809029133,59.03275705645009,50.33574452769835,D
0.3105151951313019,0.7849427461624146,0.3321471512317657,0.734175443649292,0.329044371843338,0.685326874256134,0.2990106344223022,0.6586344838142395,0.2719202637672424,0.657352864742279,0.3222446739673614,0.6210033893585205,0.3073947727680206,0.5408207774162292,0.2970944941043854,0.4915423393249511,0.2897531688213348,0.4525049328804016,0.2946992516517639,0.6315746307373047,0.2763078808784485,0.6247808933258057,0.2849578857421875,0.6602371335029602,0.3009916245937347,0.6785293817520142,0.268555074930191,0.6499176025390625,0.2557091414928436,0.6492130160331726,0.2653640508651733,0.6796451807022095,0.2798005044460296,0.6944305896759033,0.2455914616584777,0.671695351600647,0.2362554967403412,0.6703717112541199,0.2470674961805343,0.6935264468193054,0.2595929205417633,0.7076639533042908,153.28668850846657,165.41524015212406,116.16189536109644,110.40251115086642,127.89480236561772,135.26344327330463,178.6862528017961,56.01563882321646,69.25837789589441,56.90045417719655,D
0.328697144985199,0.793755054473877,0.3546991944313049,0.7465139627456665,0.3568858504295349,0.7001519799232483,0.3394287228584289,0.6647146940231323,0.3186893761157989,0.6528481245040894,0.3383312523365021,0.6224113702774048,0.3283075392246246,0.5478818416595459,0.321153461933136,0.4954470694065094,0.3148195445537567,0.4539341926574707,0.3060698211193084,0.628598153591156,0.3220596015453338,0.6209666728973389,0.335274875164032,0.655353844165802,0.3429263830184936,0.6852273941040039,0.2806155681610107,0.648123025894165,0.300046294927597,0.6462485194206238,0.3138150870800018,0.6739249229431152,0.3232985734939575,0.7012897729873657,0.2618058621883392,0.6743160486221313,0.2812785804271698,0.674925684928894,0.2969080209732055,0.6945967674255371,0.307502269744873,0.713351845741272,153.87144499704723,169.12190326041582,107.71261420726508,77.2392908492666,58.95600248000626,151.07385959498913,179.89059738680055,85.50832504752871,110.93963906521044,130.2616932162067,D
0.3416928052902221,0.7962324023246765,0.371489554643631,0.7595741152763367,0.3795561194419861,0.7118417024612427,0.3580257892608642,0.6844446659088135,0.3299069702625274,0.6811225414276123,0.3630170524120331,0.6276710033416748,0.3524677753448486,0.5454086661338806,0.3447004854679107,0.4922375977039337,0.3375977575778961,0.4508818686008453,0.3338320851325989,0.6322533488273621,0.3246724903583526,0.6229430437088013,0.3338745832443237,0.6632081866264343,0.346354216337204,0.6883369088172913,0.3068310916423797,0.6477197408676147,0.3011793494224548,0.6463519930839539,0.3129839897155761,0.6809837818145752,0.3253009021282196,0.700041651725769,0.2838086783885956,0.6684714555740356,0.2829127907752991,0.6727313995361328,0.295335590839386,0.6989313960075378,0.3067677915096283,0.7123429179191589,150.48704903248083,165.482271970354,138.21201710499426,116.8146639559462,36.25017513473746,132.24538771461076,178.9966477030893,31.65933823566831,57.57345239846924,142.7553864101695,D
0.3560838103294372,0.7903357744216919,0.3897198736667633,0.7534888386726379,0.3994523286819458,0.7107009291648865,0.3813681304454803,0.6828404068946838,0.3562542498111725,0.677073061466217,0.3834054172039032,0.6213100552558899,0.3739113807678222,0.5388734340667725,0.3685616552829742,0.4863653481006622,0.3648722767829895,0.4453892707824707,0.3527340292930603,0.6277878880500793,0.3464926481246948,0.6285006999969482,0.3537367284297943,0.6645777225494385,0.3634323477745056,0.6871644854545593,0.3261370956897735,0.6441407203674316,0.3263620436191559,0.6575825810432434,0.3391086757183075,0.6866451501846313,0.3517670035362243,0.7011331915855408,0.3057382106781006,0.6647195219993591,0.3124953210353851,0.6763579249382019,0.325766384601593,0.6987825036048889,0.3374942243099212,0.7117583155632019,150.42268471316672,164.24835173078873,84.66520950162695,10.617624873569708,8.29854644164449,134.19813131254753,179.24776098417382,85.16165708417553,157.27684060435803,179.5214902674439,D
0.3750132620334625,0.7829734086990356,0.4066737294197082,0.745299756526947,0.4139842391014099,0.6977704167366028,0.3898431360721588,0.6617838144302368,0.3635829985141754,0.6505473852157593,0.4047769904136657,0.6203003525733948,0.397808164358139,0.5360126495361328,0.3936509191989898,0.4830406308174133,0.3897718787193298,0.4422647058963775,0.3765880167484283,0.6262421011924744,0.3642706871032715,0.6162121891975403,0.3697691559791565,0.6537875533103943,0.3798245191574096,0.6776046752929688,0.3502208292484283,0.639661967754364,0.343055248260498,0.6405655741691589,0.3522296249866485,0.6729509830474854,0.3635271489620209,0.6910485029220581,0.3274712264537811,0.6564711928367615,0.3261703252792358,0.6585760712623596,0.3360742330551147,0.6830062866210938,0.3464714884757995,0.6982325315475464,148.7008896217763,164.90506533203416,128.58001701867957,92.62757464342332,52.31497873547538,137.40070983067238,179.76096656741856,42.51921854691892,81.3705182731432,126.21480569393717,D
0.3902642428874969,0.7961045503616333,0.4324624240398407,0.7666586637496948,0.4489153921604156,0.7170817255973816,0.4396419823169708,0.6748954653739929,0.4179610908031463,0.6460198760032654,0.4405508935451507,0.6279143691062927,0.440910667181015,0.5409425497055054,0.437936782836914,0.4815042316913605,0.4324059784412384,0.4373355209827423,0.4093512594699859,0.6293810606002808,0.4011310935020447,0.6039350032806396,0.4045920968055725,0.6344143152236938,0.4096140563488006,0.663578987121582,0.379412829875946,0.6418418884277344,0.3798411786556244,0.6280967593193054,0.3858357071876526,0.6534378528594971,0.3888417482376098,0.6774038076400757,0.3538028299808502,0.6592724323272705,0.356528490781784,0.6464309096336365,0.3644486665725708,0.6663713455200195,0.3678369522094726,0.6876206994056702,143.26665259724797,163.591039671248,155.56635885600556,174.19125901125562,153.09580106521466,149.24306363503027,176.89868969342118,11.424345739728542,15.09385113614152,33.64596238824066,D
0.4106346368789673,0.7942824959754944,0.4479564130306244,0.7702482342720032,0.4655269384384155,0.7269977927207947,0.4562720656394958,0.6945784687995911,0.4339291155338287,0.6750285625457764,0.4629139900207519,0.6232576370239258,0.4674342572689056,0.5381134152412415,0.4693397879600525,0.4802781939506531,0.4692560136318207,0.4357797503471374,0.4321774840354919,0.6176456809043884,0.4380563497543335,0.6191577911376953,0.4399460852146148,0.6632096767425537,0.4415571093559265,0.6899487972259521,0.4048479497432709,0.6288620233535767,0.4133598804473877,0.6433843970298767,0.4204574227333069,0.6785554885864258,0.4251181483268738,0.6960626244544983,0.3828249275684356,0.6476032733917236,0.3942904770374298,0.6654415130615234,0.4030433595180511,0.6935217976570129,0.4083440005779266,0.7068353891372681,144.889977639719,166.0414637526873,82.52907675094256,28.372160614157345,21.995337331068537,141.95784883962645,178.84812134270868,106.8808124230546,161.0334422423172,164.58180599678684,D
0.4178115427494049,0.7633112072944641,0.4502518475055694,0.7527230978012085,0.4722656011581421,0.7188585996627808,0.4742792844772339,0.6851765513420105,0.4620198905467987,0.6637585759162903,0.4674484133720398,0.6431132555007935,0.473981648683548,0.5873892307281494,0.4790549874305725,0.5435898303985596,0.4785908758640289,0.5084158182144165,0.4393815994262695,0.637702465057373,0.435912013053894,0.6072859764099121,0.4413709044456482,0.6537619233131409,0.4427509307861328,0.6873428225517273,0.4110694527626037,0.6447476148605347,0.4084905683994293,0.624775230884552,0.416902631521225,0.6676938533782959,0.4192171394824981,0.6949134469032288,0.3853779137134552,0.6622599959373474,0.3854725360870361,0.6475754976272583,0.3946111500263214,0.6789455413818359,0.3974444270133972,0.7002598643302917,141.10207855106268,164.24834756722345,163.74840990175426,175.89713991228322,161.83613697411295,150.39531536276294,179.920212559778,0.1914949678818264,3.7319466837444826,16.610908402605173,D
0.4191023111343384,0.7919032573699951,0.4545183479785919,0.767211377620697,0.4765957295894623,0.722316324710846,0.4620245695114136,0.6873840689659119,0.4367997348308563,0.666720449924469,0.4684762954711914,0.6195303201675415,0.4764023125171661,0.5329610109329224,0.4793063402175903,0.478017508983612,0.4782432913780212,0.4328405261039734,0.4381958544254303,0.6211519837379456,0.4416385889053345,0.6112271547317505,0.446622371673584,0.6647591590881348,0.4496872127056122,0.6959105730056763,0.4106038510799408,0.6336343884468079,0.4165496230125427,0.6307637691497803,0.4272301197052002,0.6766011714935303,0.4330036640167236,0.7012524604797363,0.3858941495418548,0.652847409248352,0.3971235156059265,0.651434600353241,0.4083262681961059,0.6850528120994568,0.4145293831825256,0.7031207084655762,151.06990990821689,169.24756781171402,167.24966683936603,112.6976328436511,83.73958137427991,131.17180437495034,177.79430264985675,24.449543162485536,77.34510624540528,101.25893918973092,D
0.4018547534942627,0.804070234298706,0.4455582499504089,0.773929238319397,0.4646379649639129,0.7276880741119385,0.4588974416255951,0.6917701959609985,0.4419901072978973,0.6698280572891235,0.4527505338191986,0.62453293800354,0.4566037356853485,0.5438914895057678,0.4574584066867828,0.4866321384906769,0.4558993875980377,0.4419879615306854,0.422532856464386,0.623127818107605,0.4179832637310028,0.6194050312042236,0.425129234790802,0.6569026708602905,0.4328042566776275,0.6849272847175598,0.3941943049430847,0.640404999256134,0.3959086835384369,0.6448335647583008,0.4054544270038605,0.6739617586135864,0.4122170209884643,0.6957747340202332,0.3708445429801941,0.6640821099281311,0.3783818483352661,0.6684373021125793,0.3882628381252289,0.6902561187744141,0.3946393430233001,0.7078345417976379,147.01455966901463,166.90848643047784,122.77289056015891,18.48252350052664,47.489419291894045,148.49788969169492,178.11953050617825,39.91807761033141,176.98241076728732,144.38423655016584,D
0.3916867673397064,0.8016642928123474,0.4111573696136474,0.7447306513786316,0.4116557240486145,0.6877331137657166,0.40285724401474,0.6526129245758057,0.3938837647438049,0.6367809772491455,0.4363514184951782,0.6235660910606384,0.4383678138256073,0.5431898832321167,0.4351386427879333,0.4875957369804382,0.430000364780426,0.4443468451499939,0.4240396916866302,0.6376426815986633,0.4000401198863983,0.6193073391914368,0.3913007974624634,0.6533038020133972,0.3941087424755096,0.6812503337860107,0.4070219993591308,0.6623270511627197,0.3868590295314789,0.6560885906219482,0.3817556500434875,0.6811234354972839,0.3838888108730316,0.7030553221702576,0.3891911208629608,0.6909770965576172,0.3778527081012726,0.6829255223274231,0.3769268989562988,0.7005581259727478,0.3807621002197265,0.7171238660812378,161.6208948411799,167.35841995730829,116.22109380833902,100.91156135412524,126.67074299664807,165.43450807859517,175.23864926987838,67.03729374813818,84.32977193649883,57.62646208005408,D
0.3632904291152954,0.8186061382293701,0.4019425511360168,0.7831345796585083,0.4152696132659912,0.730552077293396,0.3904564976692199,0.6953098177909851,0.3588670194149017,0.6969532370567322,0.3941048979759216,0.6339637637138367,0.3901898860931396,0.552389919757843,0.3847334384918213,0.4986724257469177,0.3782496750354767,0.4554147124290466,0.3646489679813385,0.6415516138076782,0.3556845486164093,0.6378568410873413,0.3672066926956177,0.6811342835426331,0.3754361569881439,0.7094511389732361,0.3390156030654907,0.6601395010948181,0.3321364521980285,0.6663206219673157,0.3462506234645843,0.7014389038085938,0.3559495806694031,0.7197665572166443,0.3165788948535919,0.685623288154602,0.3191298544406891,0.6946892142295837,0.3322354257106781,0.7190865278244019,0.3404791951179504,0.7318368554115295,146.7651721897854,167.77766314158245,111.95986300340294,56.7685598412198,3.638849385591296,130.62950425319255,176.94769008293656,52.69197590129627,110.04525122709984,167.47199845624698,D
0.3389559984207153,0.8152341842651367,0.36846524477005,0.7748289704322815,0.3762004375457763,0.7255221605300903,0.3357204794883728,0.7102006077766418,0.2973409295082092,0.7144687175750732,0.3492577672004699,0.6297608613967896,0.3392367660999298,0.5496436357498169,0.3306716978549957,0.4972786605358124,0.3218662738800049,0.4561158120632171,0.3178468644618988,0.640609622001648,0.3136466741561889,0.6461688876152039,0.3285370469093323,0.6941199898719788,0.3395989835262298,0.7190160155296326,0.2926777005195617,0.6622486114501953,0.2888458371162414,0.6751422882080078,0.3083223104476928,0.7119016647338867,0.3226443827152252,0.7236984372138977,0.2722574472427368,0.6901511549949646,0.271923303604126,0.7015343308448792,0.289542555809021,0.727843701839447,0.3024318218231201,0.7366591691970825,152.77394904023936,169.69139349749767,43.96477032410961,33.382010113887425,29.74945245732896,101.81569212661684,177.84016931853338,125.6766057087243,135.53231882133738,144.50859348857767,D
0.3210597932338714,0.8081825971603394,0.3487058877944946,0.7712162137031555,0.3557225465774536,0.7271934747695923,0.3190130591392517,0.7166221737861633,0.2829384803771972,0.7176283001899719,0.3302563428878784,0.6307737231254578,0.3160540759563446,0.5504401326179504,0.3054036796092987,0.4994474649429321,0.296545922756195,0.4585212171077728,0.3003554940223694,0.6393446326255798,0.2851172685623169,0.6570862531661987,0.298973798751831,0.7037539482116699,0.3157031536102295,0.7246765494346619,0.275693416595459,0.6606926321983337,0.2616206705570221,0.6832409501075745,0.2788009345531463,0.7163864374160767,0.2963883280754089,0.7239142656326294,0.2559671401977539,0.6871379613876343,0.2460664510726928,0.7086336612701416,0.2626702487468719,0.7349412441253662,0.2797807455062866,0.7413827180862427,152.26427902269822,167.00675801235667,47.65035935934751,49.066262269861625,52.99976330382452,97.0088777585488,178.2285109171332,122.80365577443372,120.63207729528882,123.01200009449472,D
0.3176087141036987,0.7937529683113098,0.3377110362052917,0.7539299726486206,0.3343262672424316,0.7155464291572571,0.2979141771793365,0.7082018852233887,0.2644162178039551,0.7128266096115112,0.3114386200904846,0.6199468374252319,0.2945998907089233,0.5461419224739075,0.2816573083400726,0.4991333484649658,0.2704740166664123,0.4612665474414825,0.2822177112102508,0.63394695520401,0.2637690901756286,0.6518283486366272,0.2845492959022522,0.6894387006759644,0.3057950139045715,0.7019191980361938,0.2586021423339844,0.6603293418884277,0.2460909187793731,0.6831236481666565,0.2678573429584503,0.7109249234199524,0.28736412525177,0.7126320600509644,0.2407495081424713,0.6916959285736084,0.2372296750545501,0.7161456346511841,0.257513016462326,0.7388085126876831,0.2758471667766571,0.7398390173912048,148.1762621148966,169.1809844750082,58.38180568302653,52.61868076920796,45.17556174899574,106.44336662996524,177.45865274062055,105.18428467171178,113.18029851183492,129.97922453128194,D
0.297680139541626,0.804352879524231,0.3195270299911499,0.7718220353126526,0.319114089012146,0.7303000688552856,0.2846721112728119,0.7176719307899475,0.2482766658067703,0.7166696786880493,0.2977550327777862,0.6310940980911255,0.2811970710754394,0.5526818037033081,0.2677085995674133,0.5023270845413208,0.2563396096229553,0.4613656997680664,0.2689220309257507,0.6433884501457214,0.250159204006195,0.6576968431472778,0.2684129476547241,0.7022823095321655,0.2898061871528625,0.7147400379180908,0.2451335489749908,0.6665118932723999,0.2271580696105957,0.6827118396759033,0.245809257030487,0.7159460783004761,0.2651903331279754,0.7187504768371582,0.2270335704088211,0.6926738619804382,0.2125300616025924,0.7059961557388306,0.2298016846179962,0.7324032187461853,0.2484395951032638,0.7370620369911194,145.5458968000586,168.05151814442297,62.80078439109938,68.84147195819898,79.74763378634685,110.70523716698916,176.92799860014117,105.06418331341128,102.72464325299944,99.38241409621608,D
0.2902622818946838,0.8049912452697754,0.312370240688324,0.7763050198554993,0.311779111623764,0.7321410775184631,0.266785204410553,0.7246085405349731,0.2272303998470306,0.724315345287323,0.2871421873569488,0.6327913999557495,0.2686675488948822,0.5541001558303833,0.2541701197624206,0.5072240233421326,0.2415215224027633,0.4646435976028442,0.2587718665599823,0.6427491903305054,0.2359589636325836,0.6614956259727478,0.2547512650489807,0.7108355760574341,0.2755678296089172,0.7200597524642944,0.2357921600341797,0.6661595106124878,0.2123699188232422,0.6866328120231628,0.2334902137517929,0.7242634892463684,0.2535828053951263,0.7217622399330139,0.2187270075082779,0.6946443915367126,0.1979510486125946,0.7075908184051514,0.2175340503454208,0.7352411150932312,0.2368202209472656,0.7389031052589417,141.6123528931555,167.82576466844932,61.57270760087064,70.26578162814269,91.02551936935116,100.27073983887186,176.02694321173655,108.56102116509578,101.8531875327794,86.62128373556492,D
0.288104236125946,0.8097200989723206,0.3104253709316253,0.7806892991065979,0.3097057640552521,0.735957145690918,0.264062762260437,0.729918360710144,0.2253967523574829,0.7247231602668762,0.2817918658256531,0.6373944878578186,0.2568161785602569,0.5574300289154053,0.2387696951627731,0.5076603889465332,0.2235569804906845,0.4670955240726471,0.2531195282936096,0.6501061916351318,0.2347996979951858,0.656403124332428,0.2505243122577667,0.7071840763092041,0.2682562172412872,0.727591872215271,0.2300523966550827,0.6721241474151611,0.2097068428993225,0.6819372773170471,0.2275372892618179,0.7224752902984619,0.244848221540451,0.7300600409507751,0.2128406465053558,0.6994925737380981,0.1955042630434036,0.7108901739120483,0.2128327786922454,0.7396631836891174,0.2303194999694824,0.7455213069915771,141.52248045016827,164.7524304365494,83.39379514447027,87.12583360395384,91.00289855243594,98.45836895526338,177.4147468979596,91.76354403063696,92.00702708691112,92.2640360733143,D
0.2901560962200165,0.8142727613449097,0.3111140131950378,0.784515917301178,0.3095875680446625,0.741449773311615,0.2661621570587158,0.7316900491714478,0.2289077192544937,0.723484456539154,0.284460574388504,0.6389572620391846,0.2607400417327881,0.5616806745529175,0.2435209304094314,0.5107544660568237,0.2293401062488556,0.4709197282791137,0.255871832370758,0.6542066335678101,0.233645498752594,0.6605834364891052,0.2458893954753875,0.7086952924728394,0.2626292407512665,0.7291455864906311,0.2331583350896835,0.6765345335006714,0.2101395577192306,0.6853774785995483,0.2253784239292144,0.7224696278572083,0.2419124096632003,0.731487512588501,0.216622456908226,0.702746570110321,0.1966073811054229,0.7126633524894714,0.2122234106063842,0.7397992610931396,0.2299570143222808,0.7460805177688599,142.81278891968844,164.79653280633798,86.08106416019044,91.465479161628,97.0416131787222,104.6965304384353,178.3828314507779,91.7303352384594,88.68016647260531,86.43749586584967,D
0.30178964138031,0.814397931098938,0.3224636316299438,0.7810875177383423,0.3203850388526916,0.7393397092819214,0.2830725014209747,0.7282883524894714,0.2455698251724243,0.7259395122528076,0.2930302917957306,0.6392824649810791,0.2709918320178985,0.5619314312934875,0.254646748304367,0.5116782784461975,0.2405958324670791,0.4723713397979736,0.2640682756900787,0.6537193655967712,0.2415743321180343,0.6645383238792419,0.2609299719333648,0.7098727822303772,0.2828241884708404,0.7223805785179138,0.2402008324861526,0.6766997575759888,0.2208411246538162,0.69148188829422,0.2398928105831146,0.7266994714736938,0.2591716647148132,0.7297682762145996,0.2212091237306594,0.703090250492096,0.2068721204996109,0.7184649705886841,0.2252221703529358,0.745803713798523,0.2446808815002441,0.7488370537757874,145.32397882413335,166.96053171686358,77.52542236202692,76.73413329541516,78.90212053524326,109.34877951686806,177.88567115090433,92.56609582863888,98.9514958696015,103.13038490859049,D
0.3178140223026275,0.8176183700561523,0.3345804512500763,0.7758387327194214,0.3296597003936767,0.7363747954368591,0.3040575981140136,0.7208689451217651,0.2753826975822449,0.7263870239257812,0.3068205714225769,0.6408318281173706,0.287727415561676,0.5674307942390442,0.2718801498413086,0.5168883800506592,0.2588824927806854,0.4779193699359894,0.27968430519104,0.6549193263053894,0.2535462081432342,0.6632388830184937,0.2703462839126587,0.70256507396698,0.2927497625350952,0.7176914215087891,0.2560079097747803,0.6790851950645447,0.2368599325418472,0.6913129687309265,0.2545279264450073,0.7210432887077332,0.273859441280365,0.7287054657936096,0.2378631234169006,0.7066826224327087,0.2246851325035095,0.719642162322998,0.2415336519479751,0.7434680461883545,0.2597000002861023,0.7508343458175659,151.02658430155816,168.9776356917179,85.53377663092178,81.48184310786523,81.25897725693028,128.3086070933895,177.1722155677971,84.52379204726965,91.84006782126684,99.25503348480656,D
0.3271590173244476,0.8093335628509521,0.3484907746315002,0.7724793553352356,0.3491507768630981,0.7363778948783875,0.3257302045822143,0.7250725030899048,0.2992002964019775,0.7323121428489685,0.326741874217987,0.642635703086853,0.3075940310955047,0.563406229019165,0.2924955189228058,0.5130090713500977,0.2791432440280914,0.4750318527221679,0.2979151904582977,0.6542964577674866,0.2803823053836822,0.6575582027435303,0.2957775890827179,0.6943475008010864,0.3131572306156158,0.7098093628883362,0.271992027759552,0.6765353679656982,0.2606185376644134,0.6840478777885437,0.2767267227172851,0.7126973867416382,0.2915343046188354,0.7226002812385559,0.2507929503917694,0.7023776769638062,0.2450100481510162,0.711462676525116,0.2611541450023651,0.7336685657501221,0.2750909924507141,0.7422139644622803,150.98446770354394,166.55689279828732,90.14330172438332,79.11307924547859,68.00478159504509,114.71980492298005,176.90876422085148,77.8306575897244,94.0990137460689,111.5040475287143,D
0.3561162948608398,0.8290544748306274,0.3839199244976043,0.7824813723564148,0.3843465745449066,0.7351065278053284,0.3632237911224365,0.7025890946388245,0.3383128643035888,0.6921557784080505,0.3714507222175598,0.6559449434280396,0.3570165336132049,0.570739209651947,0.3447942435741424,0.5147654414176941,0.3334117531776428,0.4723222255706787,0.3409627079963684,0.6701597571372986,0.3221882879734039,0.6483913660049438,0.3323042392730713,0.6847035884857178,0.3465983867645263,0.7117140293121338,0.312568724155426,0.6923338770866394,0.2999384999275207,0.6749488115310669,0.3123917281627655,0.7037858366966248,0.3251949250698089,0.7255787253379822,0.2903381884098053,0.7181574106216431,0.2824355959892273,0.7050692439079285,0.2958352565765381,0.7259556651115417,0.3076516389846802,0.7427700161933899,149.67924578002737,165.32297481979205,144.67121309502068,161.66911182356037,179.5506701403714,146.47693484560855,177.29722874262035,25.209627381766403,12.641316696835744,1.558714231631435,D
0.3672611713409424,0.8232870101928711,0.3948025107383728,0.7987043261528015,0.4115898013114929,0.7747273445129395,0.4154908359050751,0.7612562775611877,0.420183390378952,0.7539377212524414,0.3970103561878204,0.6556456685066223,0.3832657635211944,0.5726065039634705,0.372520387172699,0.5202420949935913,0.3632382154464721,0.4811275005340576,0.3688310980796814,0.6613266468048096,0.3606451153755188,0.6619155406951904,0.3672163188457489,0.703121542930603,0.3762245774269104,0.7285321950912476,0.3416233658790588,0.6774457693099976,0.3354655802249908,0.6829612255096436,0.3435865044593811,0.7136965394020081,0.3517212271690368,0.7301232814788818,0.317062646150589,0.6973028779029846,0.3110400736331939,0.7030849456787109,0.3195725977420807,0.7262449264526367,0.3287626802921295,0.7391912937164307,166.74875044604352,160.53884745586552,85.32990356160529,58.11987047355672,67.89203571263832,161.1528067629091,177.8020209604186,85.05395265826132,117.04990045102244,113.60819105943747,D
0.3905355334281921,0.8217669725418091,0.4264302253723144,0.8001304268836975,0.4457818865776062,0.7762289643287659,0.4467610716819763,0.7655012607574463,0.4447802901268005,0.7506798505783081,0.4292108118534088,0.6544311046600342,0.4188844859600067,0.5731035470962524,0.4127400815486908,0.5237318277359009,0.4062219262123108,0.482765793800354,0.3972908854484558,0.6589720249176025,0.3889606297016144,0.6551609039306641,0.3969632685184479,0.7015474438667297,0.4048206806182861,0.7309064269065857,0.3684237003326416,0.6756437420845032,0.3645124137401581,0.6970109939575195,0.3809282183647156,0.7333446145057678,0.3944113552570343,0.748539924621582,0.3450961410999298,0.6985762119293213,0.348733127117157,0.7229250073432922,0.3655361533164978,0.7530633807182312,0.3811178803443908,0.7641844153404236,160.07579865394675,159.7498636357784,112.20807258547188,18.97807602787694,11.75121753748846,146.2201624869758,179.85785325156886,55.62738447979151,145.31300751436152,159.3545277643523,D
0.4008614122867584,0.829829752445221,0.4361962974071502,0.8022403717041016,0.4608385562896728,0.7710358500480652,0.4541633129119873,0.7593939304351807,0.42841237783432,0.7603018283843994,0.4363471567630768,0.659859299659729,0.4269998073577881,0.5794884562492371,0.4217045903205871,0.5281559824943542,0.4146895706653595,0.4852985739707947,0.4020366966724396,0.661819338798523,0.4059715867042541,0.6597930788993835,0.4150305688381195,0.7083293795585632,0.4175232648849487,0.7411689162254333,0.3727615177631378,0.6768865585327148,0.384303480386734,0.7081705927848816,0.4003689289093017,0.7473208904266357,0.4079105854034424,0.7637237310409546,0.3496036231517792,0.7001340389251709,0.3659373521804809,0.7340065240859985,0.3793070912361145,0.7627361416816711,0.386133074760437,0.7703120708465576,166.2808247241077,161.57355471039142,117.64686322745924,9.840370389096249,4.179224196635,111.87269996310516,179.2556796179599,73.3261692383822,177.94013515104638,179.21165170678884,D
0.3875188529491424,0.8242214918136597,0.4214625060558319,0.7937040328979492,0.4327794313430786,0.7588825821876526,0.425661951303482,0.7378952503204346,0.4130193293094635,0.7212710380554199,0.4257749021053314,0.6591405868530273,0.4153387546539306,0.5787058472633362,0.4096036851406097,0.5289950966835022,0.4054514169692993,0.4871529340744018,0.3975697457790375,0.6698618531227112,0.3849092423915863,0.6651780009269714,0.3869789540767669,0.708623468875885,0.3938163518905639,0.7354573011398315,0.3705950677394867,0.6892865300178528,0.3624865114688873,0.6966222524642944,0.3704794049263,0.7293590903282166,0.3803783357143402,0.7439087629318237,0.348150372505188,0.7150080800056458,0.3462892174720764,0.7260031700134277,0.359627902507782,0.7486310601234436,0.3743782639503479,0.7589036822319031,149.96160857681923,159.55987617357124,106.57687946533451,55.01350959549818,29.430332778653923,143.26245476254255,179.18840661922667,66.970183444531,118.41463155537456,139.87403646597167,D
0.3687812983989715,0.8295220136642456,0.3959452509880066,0.7865787148475647,0.3987461924552917,0.7402900457382202,0.3765527606010437,0.7161433696746826,0.3538728952407837,0.7082796692848206,0.3950222432613373,0.6548748016357422,0.3824694752693176,0.5801844596862793,0.3718421459197998,0.5307772159576416,0.3621000051498413,0.4897370338439941,0.3691380620002746,0.6697147488594055,0.339276373386383,0.6797597408294678,0.3539721071720123,0.7199693322181702,0.3732011318206787,0.7364499568939209,0.3431015610694885,0.6940884590148926,0.3198277950286865,0.7191302180290222,0.3409460484981537,0.7486506104469299,0.3624865710735321,0.7501303553581238,0.3214395344257355,0.7228067517280579,0.3088278174400329,0.745082676410675,0.3269979953765869,0.7691407203674316,0.3452070355415344,0.7721333503723145,151.14720269258268,161.91495186132636,71.27997764843293,53.64080347282414,53.44012682877862,133.95083623630342,177.4010403081675,88.5158498378334,101.51655428112514,113.42079352252122,D
0.3598267436027527,0.8325268030166626,0.3895184695720672,0.7936034798622131,0.396365225315094,0.751477062702179,0.38089320063591,0.746618390083313,0.3582461774349212,0.7594341039657593,0.3704521059989929,0.6557119488716125,0.357834130525589,0.5809972286224365,0.3474355936050415,0.5325524806976318,0.3369813859462738,0.4923374056816101,0.3412017524242401,0.6650316119194031,0.3253655135631561,0.6843579411506653,0.3427229225635528,0.7259858250617981,0.3582536876201629,0.7433405518531799,0.3143253326416015,0.686651349067688,0.3063094615936279,0.7179883718490601,0.3261986672878265,0.7483688592910767,0.3412200808525085,0.7505261301994324,0.2934383153915405,0.7134441137313843,0.2937133908271789,0.7454532980918884,0.3108496069908142,0.7694833278656006,0.3239739835262298,0.7715222239494324,151.89416077329253,166.97527199253105,45.676687178790566,31.672065409009434,28.647236675195625,98.20233509648524,177.47121312600848,118.03390211205816,132.44007602623282,144.99906431868055,D
0.3438640236854553,0.829859733581543,0.3662737905979156,0.7925781011581421,0.369239330291748,0.7581993937492371,0.3638512790203094,0.7585399150848389,0.3578145802021026,0.7706111669540405,0.3494927585124969,0.6585834622383118,0.334430068731308,0.5840439796447754,0.3221748769283294,0.5349498987197876,0.3127432763576507,0.4962636232376098,0.3211151361465454,0.6702340841293335,0.2938535511493683,0.6837880611419678,0.3110140860080719,0.727439820766449,0.3339716494083404,0.7452754378318787,0.2947552800178528,0.6920974254608154,0.2776538729667663,0.7148202061653137,0.2976010739803314,0.7459280490875244,0.3186716139316559,0.7502030730247498,0.2744517922401428,0.7181666493415833,0.2646471858024597,0.7417306303977966,0.284320205450058,0.7668612599372864,0.3046017587184906,0.7727574706077576,153.92035846589027,166.69344427339766,71.67508226844161,56.58536135698591,54.45052932837466,81.4535698262187,177.40818470907914,94.97479245615854,110.36538616704496,119.35364621677716,D
0.3262650370597839,0.8374162912368774,0.3518307507038116,0.8002757430076599,0.3506742715835571,0.7626869678497314,0.3211240768432617,0.7525067925453186,0.2924865782260895,0.756316602230072,0.3325929045677185,0.6643114686012268,0.3141447901725769,0.588493287563324,0.3001879453659057,0.5375155806541443,0.2897482216358185,0.4966948628425598,0.3062119781970978,0.679288387298584,0.2777811884880066,0.6806877851486206,0.289542019367218,0.7260385751724243,0.308085024356842,0.7468758225440979,0.2813936471939087,0.7013035416603088,0.2587175667285919,0.707416832447052,0.2753784358501434,0.7424735426902771,0.2942278385162353,0.7519032955169678,0.2622122764587402,0.7270097732543945,0.2450323700904846,0.7350625395774841,0.2631956338882446,0.7603570222854614,0.2824693322181701,0.7698899507522583,143.69616069420553,164.23099419927894,94.40951648548128,93.15770896929484,95.00635230525818,110.77130145157496,178.36406329047406,78.27962804129025,79.66815924776336,79.43289920980116,D
0.3260651528835296,0.8271985054016113,0.3449653685092926,0.7913637161254883,0.3445662260055542,0.7606565952301025,0.328862577676773,0.7517688870429993,0.3154419660568237,0.7522929310798645,0.3177268803119659,0.6602404117584229,0.296966403722763,0.5844903588294983,0.2811830937862396,0.5356539487838745,0.267961710691452,0.4967764019966125,0.2884717881679535,0.6758290529251099,0.2612228989601135,0.6940485835075378,0.2877416014671325,0.7413070797920227,0.3157122135162353,0.7550103068351746,0.2639124691486358,0.7008724212646484,0.2465198785066604,0.7285453081130981,0.2755530476570129,0.761049747467041,0.3014464974403381,0.7611998319625854,0.245388463139534,0.7289790511131287,0.2341103851795196,0.7514331936836243,0.2600375115871429,0.7766225337982178,0.2847093641757965,0.7793574929237366,151.44694030323984,167.5326466894881,70.17947451144146,58.34690802317199,66.06849365362143,120.25303229221085,177.41628495347047,94.46943845287056,106.07894114792552,107.50400370589873,D
0.2988345324993133,0.840277373790741,0.3263135850429535,0.8100741505622864,0.3276248872280121,0.7680914998054504,0.2832908034324646,0.7624048590660095,0.2420718073844909,0.7642394304275513,0.2938553690910339,0.6682289242744446,0.2749642431735992,0.5887837409973145,0.2581285238265991,0.5376724004745483,0.2430740296840667,0.4964892864227295,0.2647036612033844,0.6836906671524048,0.2365892827510833,0.691256582736969,0.254619151353836,0.7442418932914734,0.2766698896884918,0.763096809387207,0.2415039539337158,0.7082642912864685,0.2196850627660751,0.7247766852378845,0.241900086402893,0.7616066932678223,0.2639305591583252,0.7644290924072266,0.2251468002796173,0.7363086342811584,0.2080289423465728,0.7486793398857117,0.2290772795677185,0.7756518125534058,0.2502474188804626,0.7786412835121155,139.49292516498247,168.2818566625357,87.23417316103755,76.35612166100535,89.4722410977,95.52028238375,175.14432480593518,86.26970223625135,96.02077266113264,87.88764242425121,D
0.3054859340190887,0.8470276594161987,0.331974446773529,0.8137959837913513,0.3349963128566742,0.7685295939445496,0.2880802750587463,0.7673547267913818,0.2464162558317184,0.767673671245575,0.3003872632980346,0.6724517345428467,0.2760737538337707,0.5931364893913269,0.2570988237857818,0.5422319173812866,0.2409373521804809,0.5004359483718872,0.2716856598854065,0.686115026473999,0.248351365327835,0.6997662782669067,0.2683318257331848,0.7544780373573303,0.2913255095481872,0.7711303234100342,0.2489779740571975,0.7079553008079529,0.2259133905172348,0.7274861931800842,0.2468603700399398,0.7673696279525757,0.2678278088569641,0.7698213458061218,0.2326743602752685,0.733616054058075,0.2105396091938018,0.7469878792762756,0.2314183861017227,0.7756153345108032,0.2537818253040313,0.7803846597671509,145.261381428943,164.63036846124837,71.53382375360238,71.85527752212634,91.56434103783027,87.61524597535202,176.59935080878273,100.26695512146756,102.5489613332374,85.03231300093445,D
0.3140278458595276,0.8467670679092407,0.3380367755889892,0.8160474896430969,0.3425647020339966,0.7724484205245972,0.2990339398384094,0.7690971493721008,0.2588718235492706,0.772483766078949,0.3086388707160949,0.6677481532096863,0.2855882048606872,0.5905240774154663,0.2676070928573608,0.5420998930931091,0.2531956732273102,0.5026237964630127,0.2790458798408508,0.6839637756347656,0.2601979672908783,0.6917358636856079,0.2793263792991638,0.7404449582099915,0.30034139752388,0.7534188032150269,0.256486713886261,0.706903338432312,0.2376063466072082,0.7191581130027771,0.256129652261734,0.7554827928543091,0.2746886014938354,0.7576054930686951,0.2393353730440139,0.7339966893196106,0.2219232320785522,0.7439927458763123,0.240119993686676,0.7705168724060059,0.2596017718315124,0.7756013870239258,147.91967066916774,165.10437085449178,79.71770720337851,79.37608934767127,93.6586454380922,88.473179283555,176.24865120798927,90.96890220512049,95.96786862634264,85.40760484964473,D
0.3382690548896789,0.8293026089668274,0.3601464629173279,0.7947682738304138,0.3651677072048187,0.7634101510047913,0.3408925831317901,0.7600642442703247,0.3132466673851013,0.7664926052093506,0.3364786207675934,0.6598976254463196,0.3191031217575073,0.5854985117912292,0.3033843040466308,0.5383614301681519,0.289475679397583,0.5006422400474548,0.3064010739326477,0.6739819049835205,0.2912826538085937,0.6831026077270508,0.3106177449226379,0.7227858901023865,0.3300654888153076,0.7336116433143616,0.2802160680294037,0.6970130801200867,0.2692550718784332,0.7091107368469238,0.2877391278743744,0.7404504418373108,0.3040403127670288,0.7439128160476685,0.2594498693943023,0.7238364219665527,0.2525139451026916,0.7375816106796265,0.2707802951335907,0.7611168026924133,0.2869588732719421,0.7665003538131714,156.74315622975135,167.46004160742794,70.49285442616991,65.87137072668816,63.5481130037553,88.7504819208662,174.70348008791902,95.12494084940369,107.29010654514582,115.408066090011,D
0.3485373854637146,0.8391284942626953,0.3748468160629272,0.8129751682281494,0.3867196440696716,0.782353401184082,0.3799427151679992,0.7685954570770264,0.3687076866626739,0.7708927989006042,0.3617984652519226,0.6697463989257812,0.3449368178844452,0.5932669043540955,0.3306974768638611,0.5423814058303833,0.3184610903263092,0.5007400512695312,0.3354782462120056,0.6838163137435913,0.3104702830314636,0.6811760067939758,0.3234118223190307,0.7297424077987671,0.3433204293251037,0.7461270689964294,0.3096740543842315,0.7046778798103333,0.2877809107303619,0.7056055665016174,0.3025337755680084,0.7443200945854187,0.3225308060646057,0.7532517910003662,0.2886350154876709,0.7286948561668396,0.2704776525497436,0.7345091104507446,0.2872073650360107,0.7640745043754578,0.3077303171157837,0.7727067470550537,156.02207779706498,163.09013817957884,100.83318831258084,103.6957227763846,100.7208438727276,132.58336560125963,176.79998596924165,69.05216433970219,71.56612591271991,78.25228027317016,D
0.3704690635204315,0.8303976058959961,0.3959182798862457,0.7836294770240784,0.3953337967395782,0.7351328730583191,0.3718444406986236,0.7049550414085388,0.3477583825588226,0.6934188008308411,0.3833606243133545,0.6618316173553467,0.365814745426178,0.5831606388092041,0.3536373972892761,0.5356681942939758,0.3425765931606293,0.4973734021186828,0.3537205457687378,0.6761875748634338,0.335269570350647,0.6767204403877258,0.3495735824108124,0.7133623361587524,0.366020143032074,0.7335736751556396,0.3280335068702698,0.698567807674408,0.3184705674648285,0.7094399333000183,0.3361522853374481,0.7367910146713257,0.3527043759822845,0.7462649345397949,0.3081330358982086,0.7253011465072632,0.3062202632427215,0.7374759912490845,0.3216775059700012,0.7579114437103271,0.3361409306526184,0.7639047503471375,150.7563596791515,163.05382780244935,94.5442653215872,59.17750466680592,39.60219147058892,142.79457048485187,178.19166226212596,70.3299081763162,105.78413208247886,133.96770311087337,D
0.3803656995296478,0.8392021059989929,0.4116366505622864,0.8061702251434326,0.4243477284908294,0.7653667330741882,0.4050085544586181,0.7316073775291443,0.3814859688282013,0.7070298790931702,0.4077571630477905,0.6735554337501526,0.3967318534851074,0.5926840305328369,0.3869960308074951,0.5419909954071045,0.377566248178482,0.5020120143890381,0.3771663010120392,0.6827690601348877,0.3624458312988281,0.6641715168952942,0.3705593049526214,0.7087790966033936,0.3813782930374145,0.7392122745513916,0.3497502207756042,0.6986866593360901,0.3399869799613952,0.6941624283790588,0.3511314690113067,0.7311272025108337,0.3619948923587799,0.7527907490730286,0.3264636397361755,0.7189053297042847,0.3195061683654785,0.71860671043396,0.3314796984195709,0.7476648688316345,0.3430467545986175,0.7645612359046936,153.8714728662335,162.84714126762955,142.80907213681687,127.15423865171849,116.59365512494236,132.890776240837,176.89181747210156,28.054006557737672,48.35975417801673,65.14803026051388,D
0.3920385539531708,0.8432627320289612,0.4272233247756958,0.8273748159408569,0.4503588378429413,0.80820232629776,0.4568895697593689,0.7991666793823242,0.4590523838996887,0.7878708243370056,0.4432819187641144,0.6848494410514832,0.4375971257686615,0.6029254794120789,0.430082619190216,0.5518157482147217,0.4244683384895324,0.5094597935676575,0.4110399186611175,0.6901535987854004,0.3999914526939392,0.6236035227775574,0.3986595273017883,0.6657165288925171,0.4041983783245086,0.7088520526885986,0.3826630711555481,0.705644428730011,0.3744301497936249,0.6876920461654663,0.3834663033485412,0.7357820272445679,0.3958571851253509,0.7679317593574524,0.3597554862499237,0.7289605736732483,0.3517785966396332,0.7219111323356628,0.3625593781471252,0.7600300312042236,0.3767614662647247,0.785240888595581,164.65319590298512,158.10524402299697,163.49945032684715,159.26127001019603,147.23969754771645,165.50710450248258,175.60535650416188,11.237633068556748,13.994234407282477,32.73994676228999,D
0.4029378592967987,0.8436905145645142,0.4372926354408264,0.824219822883606,0.4637485146522522,0.800689697265625,0.468273401260376,0.7963288426399231,0.460540771484375,0.7902129888534546,0.4457065463066101,0.6857074499130249,0.4409309029579162,0.6024928689002991,0.4371658265590668,0.5501196384429932,0.4317153394222259,0.5076342225074768,0.4116828739643097,0.6908214688301086,0.393390029668808,0.6710286736488342,0.4012615084648132,0.7276203036308289,0.413936585187912,0.7671298384666443,0.3820254802703857,0.7049909234046936,0.3707684576511383,0.7243168354034424,0.3859716653823852,0.7725810408592224,0.4029935896396637,0.7948874831199646,0.3578578531742096,0.7249886989593506,0.3536321818828583,0.7472852468490601,0.3671485781669616,0.7848328948020935,0.3832913041114807,0.7999958992004395,167.89233408174977,161.5675734430567,133.98126093715075,38.79425593038959,31.52702971352367,177.70778424790328,179.17269205112223,34.82603446358979,132.29550194101805,149.47065196174958,D
0.3979024589061737,0.8450982570648193,0.4352121949195862,0.824820876121521,0.4630834460258484,0.7976123690605164,0.458414763212204,0.7900940775871277,0.4376568794250488,0.7904473543167114,0.4402650594711303,0.6867910623550415,0.4344932436943054,0.6050398945808411,0.4293797314167022,0.5543659925460815,0.4252599775791168,0.5128254890441895,0.4076322019100189,0.6927042603492737,0.3959729075431824,0.6335573196411133,0.3986936509609222,0.6765304803848267,0.4060857594013214,0.7174290418624878,0.3794963359832763,0.709583044052124,0.3726541399955749,0.6977406740188599,0.3847915828227997,0.7413373589515686,0.3985221982002258,0.7678900957107544,0.3566439747810364,0.7346396446228027,0.3530503213405609,0.7321720123291016,0.3651131987571716,0.7634046673774719,0.3783599436283111,0.7816691398620605,164.2129090568612,160.98029614909956,165.19544131484847,157.71662817890422,144.95764106529575,102.471313099011,178.2762879198409,7.528701713930273,14.46078563267458,34.40613765687043,D
0.3905319273471832,0.8326442837715149,0.4290631413459778,0.8049145340919495,0.4439982175827026,0.7687023282051086,0.4326123595237732,0.7435917854309082,0.4161186814308166,0.7209998965263367,0.4227935969829559,0.6579428315162659,0.416098415851593,0.58693528175354,0.411040335893631,0.5429462790489197,0.4064183831214905,0.5080590844154358,0.3916343748569488,0.6722148060798645,0.3870769739151001,0.6376425623893738,0.3948263227939605,0.6673189997673035,0.4014144241809845,0.6954725384712219,0.3647091388702392,0.6971826553344727,0.3651792705059051,0.7020936012268066,0.3801411390304565,0.736902117729187,0.391529768705368,0.7556018233299255,0.343042254447937,0.7288652658462524,0.3479933142662048,0.735461413860321,0.363116592168808,0.7600453495979309,0.3765288591384887,0.7720445394515991,148.15424695741214,164.15080968685058,172.0967016648724,5.3243549897503,12.302831127605849,133.19624083783276,178.8270431552748,7.125160660840345,162.20868383707034,174.70670194958845,D
0.3633747696876526,0.8382342457771301,0.3932242691516876,0.8127135038375854,0.4113836884498596,0.7857666611671448,0.4144285321235657,0.7770264148712158,0.4115459322929382,0.7750040888786316,0.3899004757404327,0.6709883809089661,0.3765279650688171,0.5962897539138794,0.3670072555541992,0.5471507906913757,0.3589631915092468,0.5073370933532715,0.3596767783164978,0.6771221160888672,0.3440625965595245,0.6944260597229004,0.3590415120124817,0.7415772676467896,0.3746714293956756,0.7682672739028931,0.332527756690979,0.697160005569458,0.3209145069122314,0.729009211063385,0.3397827446460724,0.7647212743759155,0.3576452434062958,0.7782366871833801,0.3097485601902008,0.7226532697677612,0.3038157820701599,0.7562314867973328,0.3202841579914093,0.7857626676559448,0.3380463719367981,0.7961472272872925,164.50574458319494,160.83823207694664,43.37633087144913,32.36754758834243,34.9098393658747,165.2308823374787,179.18431238938646,120.3146198151479,132.11706603193386,140.83340289357176,D
0.3524844050407409,0.8385066986083984,0.3749845027923584,0.7889644503593445,0.3743858337402344,0.7418941259384155,0.3532167673110962,0.7236745357513428,0.3279947340488434,0.7188761234283447,0.3531638979911804,0.668526828289032,0.3345563411712646,0.594856858253479,0.3212777078151703,0.5461772084236145,0.3093492388725281,0.5080629587173462,0.3239583969116211,0.682862401008606,0.3000994920730591,0.6869234442710876,0.3159447908401489,0.7200595140457153,0.3335161507129669,0.7379595041275024,0.2977530360221863,0.7087174654006958,0.2822408080101013,0.7227967977523804,0.2999939322471618,0.7469825744628906,0.3161651790142059,0.753598690032959,0.2758678793907165,0.7382403016090393,0.2695554792881012,0.754331648349762,0.2857669293880462,0.7750535011291504,0.3005335330963135,0.7801430225372314,154.84567711637112,165.59567853191132,90.7259473074512,70.63710776666215,58.80386868512599,131.44628951192055,178.91757354332833,74.10317722695245,95.9479182667604,120.54329932664844,D
0.3326019048690796,0.8326005339622498,0.357630580663681,0.7956852912902832,0.3596997559070587,0.7621732354164124,0.3310611546039581,0.7569915056228638,0.3039309084415436,0.7611969709396362,0.3330252766609192,0.6653721928596497,0.3137530982494354,0.5931559801101685,0.2988204956054687,0.5453425645828247,0.288173109292984,0.5082525014877319,0.3033131957054138,0.6757330298423767,0.2827876210212707,0.6905163526535034,0.2968746423721313,0.7287641763687134,0.3158068060874939,0.7442783117294312,0.2784510850906372,0.7000381946563721,0.2640708088874817,0.7198037505149841,0.2785418033599853,0.7496392130851746,0.2949689626693725,0.7581126093864441,0.2590418457984924,0.7286912798881531,0.2491744756698608,0.7473861575126648,0.2646648585796356,0.7718138098716736,0.2815814018249511,0.780203104019165,149.39577609291075,164.91277153277676,64.81300363513797,58.2571538650616,63.12127266768432,96.72266723127274,177.59807232886337,105.54369985257156,118.08790775872478,119.79425888349618,D
0.3275894522666931,0.8398046493530273,0.3539230227470398,0.8030756115913391,0.3500162661075592,0.76747727394104,0.3156205415725708,0.762219250202179,0.2824334800243377,0.769580066204071,0.3218017816543579,0.6707106232643127,0.3012279868125915,0.6002705693244934,0.2836838662624359,0.5502374768257141,0.2708956897258758,0.5113863945007324,0.2946828305721283,0.6803194880485535,0.2715594470500946,0.7024734020233154,0.2851282954216003,0.7441933751106262,0.3046461939811706,0.7611391544342041,0.2704865634441376,0.7052742838859558,0.2520970106124878,0.7282474637031555,0.2672470211982727,0.758914589881897,0.2848611772060394,0.7661275863647461,0.2510676383972168,0.7344001531600952,0.2377045601606369,0.7556856870651245,0.2543115317821502,0.7800901532173157,0.2720451354980469,0.7870493531227112,138.09777174738355,165.67855170140078,57.884873558102086,61.67587380786404,68.09963183283509,104.9543249478292,176.95854150103835,115.7569755746445,115.0334056405642,113.64450132647978,D
0.3181798756122589,0.8516667485237122,0.3459257483482361,0.824117124080658,0.3511427640914917,0.7818942666053772,0.3078818619251251,0.7812358736991882,0.2670078575611114,0.7883250713348389,0.311350405216217,0.681002140045166,0.292655199766159,0.6054397225379944,0.2759168148040771,0.5574846267700195,0.2605969607830047,0.5156227946281433,0.28148353099823,0.6885801553726196,0.2574280500411987,0.7184751629829407,0.2769830524921417,0.7706423997879028,0.2985897660255432,0.7820435166358948,0.2582668364048004,0.7123605608940125,0.2374466061592102,0.7445345520973206,0.2604111135005951,0.7810062170028687,0.2816382944583893,0.7789385914802551,0.2419094890356063,0.742111086845398,0.2252722978591919,0.7691048979759216,0.2490944862365722,0.7953186631202698,0.271623432636261,0.797028660774231,141.84036462925076,168.39486583295377,51.50343922667878,56.17911315398033,66.49175868707994,83.82821285274082,174.65553397295616,120.6289470335249,114.89583247461344,106.08957239029196,D
0.3171656131744385,0.8472893834114075,0.3439492285251617,0.8201672434806824,0.3538236320018768,0.7822422981262207,0.3187369704246521,0.7846442461013794,0.2823612987995147,0.7912179827690125,0.3125712871551513,0.6798086762428284,0.2856466770172119,0.6049285531044006,0.2661784291267395,0.5571621656417847,0.2498851418495178,0.5167747735977173,0.2817071974277496,0.6927723288536072,0.2645493149757385,0.7130746841430664,0.2858589589595794,0.7615328431129456,0.304309606552124,0.768242359161377,0.2578192055225372,0.7165572047233582,0.2416256964206695,0.7456870675086975,0.2650325894355774,0.7816216349601746,0.2833444774150848,0.7767566442489624,0.2395910322666168,0.7447466254234314,0.2258373796939849,0.7707183361053467,0.2480513155460357,0.7985515594482422,0.2668982446193695,0.7966694235801697,149.9537184202373,161.79430351781187,53.12615723635839,53.48587853055077,65.01188636426194,71.48987017827046,177.60259926140586,116.06059174730504,117.85075813577116,113.50229924646295,D
0.3209124207496643,0.8502026200294495,0.343584656715393,0.8186769485473633,0.3500463366508484,0.7861654758453369,0.3302488327026367,0.791612982749939,0.3046392202377319,0.804417073726654,0.3139373660087585,0.6808491349220276,0.2889691293239593,0.6092379093170166,0.2694101631641388,0.5602263808250427,0.2534996569156647,0.5208577513694763,0.2848328053951263,0.6936229467391968,0.2647851407527923,0.7161366939544678,0.283071905374527,0.7640114426612854,0.3016382455825805,0.7738311290740967,0.2608146667480469,0.7169496417045593,0.2430320233106613,0.7472385168075562,0.2636386454105377,0.7831916213035583,0.2819530963897705,0.7831789255142212,0.2423896789550781,0.7438059449195862,0.2267553359270095,0.7729447484016418,0.2477757781744003,0.8006730079650879,0.2680461406707763,0.8011605143547058,155.51863457948318,163.1366616855683,54.65969083484956,54.69286902984802,64.64367865329511,63.37406435326638,177.46641603925968,117.41070407148312,119.7634430482114,114.61903767387794,D
0.32802215218544,0.8505043387413025,0.3476931452751159,0.8149045705795288,0.3513981401920318,0.7849998474121094,0.3326170146465301,0.7809571623802185,0.3137971758842468,0.7880855798721313,0.3190597891807556,0.6796081066131592,0.296941190958023,0.6107354164123535,0.2789818346500397,0.562174379825592,0.2660532295703888,0.5255483984947205,0.2913990020751953,0.6916574835777283,0.2705843448638916,0.7238008975982666,0.2942595481872558,0.7702143788337708,0.3177516162395477,0.7739198207855225,0.2683614492416382,0.7154989838600159,0.2518148720264435,0.7543152570724487,0.2750730812549591,0.7860094904899597,0.2950236797332763,0.7820524573326111,0.2489031255245208,0.743066132068634,0.2367959916591644,0.7794560194015503,0.2592960894107818,0.8055842518806458,0.2800018787384033,0.8050597310066223,158.13930851190432,165.1975075607474,45.90834878034322,46.92883962035753,54.77105413456286,95.08513548344088,177.50858721484636,120.04886538509754,120.64007409058624,120.86430948205803,D
0.3410171866416931,0.8497222661972046,0.3614291846752167,0.8155835866928101,0.3694630265235901,0.7854333519935608,0.364005446434021,0.7794165015220642,0.3531958758831024,0.7842608094215393,0.3359318971633911,0.6799849271774292,0.3146339356899261,0.6103160381317139,0.2977528572082519,0.562501072883606,0.2818628549575805,0.5239084959030151,0.3082762360572815,0.6939666867256165,0.2887467443943023,0.7217658758163452,0.3099083006381988,0.7664465308189392,0.3305213451385498,0.7780847549438477,0.2840105295181274,0.7208048105239868,0.2690334916114807,0.7540256977081299,0.2922899425029754,0.7873508930206299,0.3129791021347046,0.7920023202896118,0.2648859918117523,0.751543402671814,0.2538197040557861,0.7836722135543823,0.2762546241283417,0.8115801215171814,0.2977643013000488,0.8145452737808228,164.04458140304325,164.7175250430108,46.95996695924227,48.12214958669488,56.79670575368538,122.87004123787544,177.55294485555194,119.56811320684164,120.82282885612,122.19900506574707,D
0.3656468093395233,0.7611549496650696,0.3971859216690063,0.7431961894035339,0.4177266061306,0.713761031627655,0.4179624915122986,0.6947057843208313,0.4042594730854034,0.6888582110404968,0.3899300992488861,0.6113611459732056,0.3802661299705505,0.5714860558509827,0.3758998513221741,0.5553096532821655,0.3736628592014313,0.5520347952842712,0.3577983975410461,0.6140730977058411,0.3437697291374206,0.6098108887672424,0.3545091450214386,0.6581853032112122,0.3648116290569305,0.6833845376968384,0.3289142847061157,0.6293071508407593,0.3183855414390564,0.6375594735145569,0.3315113484859466,0.6768898367881775,0.3417572975158691,0.695101261138916,0.3052915334701538,0.6527533531188965,0.2998989820480346,0.666570246219635,0.3142749071121216,0.6970162391662598,0.3263562619686126,0.708613932132721,154.56614413256295,157.1685004648972,109.95435556136952,67.47873711500718,50.428004433153625,145.80080640751487,178.51818630072128,60.58309084319773,109.63347781536147,133.4043073673017,D
0.3651635646820068,0.7556368112564087,0.3954693377017975,0.7414109706878662,0.4140604138374328,0.7086865901947021,0.4094700217247009,0.6892154812812805,0.3953386545181274,0.6847710013389587,0.3905921280384063,0.6072720885276794,0.3809370994567871,0.5421470999717712,0.3719700872898102,0.4917557835578918,0.3618329763412475,0.4547464549541473,0.3582008779048919,0.6136865019798279,0.3440158069133758,0.5985195636749268,0.35398930311203,0.6471681594848633,0.3642804324626922,0.6817415356636047,0.3293672502040863,0.6274986863136292,0.3184648752212524,0.6223349571228027,0.3316023349761963,0.662164032459259,0.3421356379985809,0.6892645955085754,0.3049010336399078,0.6487074494361877,0.2979617714881897,0.6445264220237732,0.3122291266918182,0.6764568090438843,0.3242455720901489,0.6955403089523315,144.74721939937078,161.84154955630424,139.7240296878828,130.95189062295734,150.47414825946515,137.1331372536597,178.34286577494913,31.49835759470728,46.40127001860286,34.85392208757055,D
0.3632256388664245,0.7497463226318359,0.3969230651855469,0.7286860346794128,0.4152158200740814,0.6896635890007019,0.3952508568763733,0.6741256713867188,0.3660104274749756,0.6797838807106018,0.3754987120628357,0.5897308588027954,0.3653184771537781,0.517240047454834,0.3555512726306915,0.4647437930107116,0.3443017899990082,0.4234938025474548,0.3457122147083282,0.601688802242279,0.3308129012584686,0.5889756083488464,0.3438751697540283,0.634776771068573,0.3569556772708893,0.6638724207878113,0.3198741674423218,0.6214102506637573,0.308382123708725,0.6192060708999634,0.3251197338104248,0.6567680835723877,0.3393957018852234,0.6753711104393005,0.2987730503082275,0.6465286612510681,0.2889846563339233,0.6400017738342285,0.3041728436946869,0.6667579412460327,0.318299651145935,0.6790157556533813,147.12066407341266,167.6199971838406,137.2193124431623,119.52228754986872,155.6773464149029,102.7761498728899,177.45437557028586,33.60885052566942,55.12477525575444,26.723209329998937,D
0.3547320365905761,0.7442300319671631,0.3845972716808319,0.7235744595527649,0.3988579511642456,0.6889395117759705,0.3803874552249908,0.6703616976737976,0.3503407835960388,0.6620709896087646,0.3658929765224457,0.5809181928634644,0.355199933052063,0.5018029808998108,0.345446228981018,0.4489339590072632,0.3368164002895355,0.4086853563785553,0.3362911641597748,0.5927384495735168,0.3278357982635498,0.5835953950881958,0.3407752513885498,0.6305144429206848,0.3532012403011322,0.6556118130683899,0.3112708926200866,0.613013505935669,0.3033233880996704,0.60989910364151,0.3190567791461944,0.6480154991149902,0.3321250975131988,0.6662566065788269,0.2898284196853637,0.6378660798072815,0.284721702337265,0.6338156461715698,0.3001709878444671,0.6608139276504517,0.3140134811401367,0.6738991737365723,147.04778744397728,168.39308128671684,144.17818688861297,129.72455670678045,159.81164610834102,112.786922243179,177.24447588374716,27.344281696616427,46.17171395571072,21.800447607450263,D
0.3480960130691528,0.7469167709350586,0.3791597783565521,0.7211797833442688,0.388704240322113,0.6738848686218262,0.3516321778297424,0.6548231840133667,0.3152925074100494,0.648323118686676,0.3578643798828125,0.5760986804962158,0.3454597294330597,0.496079683303833,0.3350230753421783,0.4459191560745239,0.326963871717453,0.4054026007652282,0.3286227583885193,0.5897114872932434,0.3154729604721069,0.5757102370262146,0.3265545070171356,0.622603714466095,0.3407320976257324,0.6462696194648743,0.3054666817188263,0.6108277440071106,0.2927816808223724,0.6053479909896851,0.3068582117557525,0.6441134214401245,0.3218127489089966,0.6590665578842163,0.2863847911357879,0.6378255486488342,0.2761214077472687,0.6346480250358582,0.2903871238231659,0.6628666520118713,0.3053386211395263,0.6740911602973938,141.05193709857085,167.9151346443981,143.85754157012747,130.75665908341182,136.69859526161147,105.80181734773292,177.05836810532657,29.90797049527963,46.67928430298374,45.97903803002573,D
0.3427200317382812,0.740949273109436,0.3718189299106598,0.7110089659690857,0.3781293034553528,0.6679670810699463,0.3414635062217712,0.6517838835716248,0.3068974614143371,0.6458818316459656,0.3488655984401703,0.5720574259757996,0.3348917663097381,0.4927558898925781,0.3248351514339447,0.4431706666946411,0.3157767355442047,0.4035830497741699,0.3205834627151489,0.58673095703125,0.3107994496822357,0.5691215395927429,0.3212661147117615,0.6141262054443359,0.3324573934078216,0.6393861174583435,0.2976593673229217,0.6091333031654358,0.289777547121048,0.5927845239639282,0.3023169338703155,0.6315357089042664,0.3134211301803589,0.6505112051963806,0.2786882221698761,0.6382278203964233,0.2701093554496765,0.62657630443573,0.2844082117080688,0.6505756378173828,0.2982516288757324,0.6614447832107544,144.15722372759063,167.9224888148206,159.11136853049945,173.133824348903,175.57375263510974,105.4745269319506,178.5286565425141,15.964645597964871,7.808009568590737,5.577175301615941,D
0.3325541913509369,0.7379063367843628,0.361748993396759,0.7076141834259033,0.3664115369319916,0.6651754379272461,0.3303772509098053,0.6463305950164795,0.2959983050823211,0.6360942125320435,0.340239554643631,0.5697296857833862,0.3255340456962585,0.4891809523105621,0.3142696321010589,0.4397796988487243,0.3040475249290466,0.3997840881347656,0.3102918565273285,0.5818800926208496,0.2971757054328918,0.5675256848335266,0.3080216944217682,0.6101388335227966,0.3201979100704193,0.6337814927101135,0.2860487401485443,0.6032552123069763,0.2777636349201202,0.6007159352302551,0.2922221720218658,0.6378678679466248,0.3045919239521026,0.6524800658226013,0.2667188048362732,0.6308044195175171,0.262111634016037,0.6308045983314514,0.2764371931552887,0.6568720936775208,0.2887385487556457,0.666364312171936,142.32648127185684,167.03715834542956,145.70124376485663,126.09337544728864,121.57675570740685,111.33853764314108,177.50144463146847,28.139255280751243,51.695723787281096,61.210946833141485,D
0.3228247463703155,0.7413150072097778,0.3482513427734375,0.7084971070289612,0.3500903844833374,0.6611818671226501,0.3138370215892792,0.6461837887763977,0.2772302329540252,0.6438255310058594,0.3240557909011841,0.56751549243927,0.3078426718711853,0.4882469773292541,0.2951899468898773,0.4397611618041992,0.2835623919963836,0.3992940783500671,0.2960735559463501,0.580830991268158,0.2793755531311035,0.5680451393127441,0.2918712496757507,0.6136599183082581,0.3064522743225097,0.6358806490898132,0.2732754647731781,0.6033619046211243,0.2587607800960541,0.599803626537323,0.2752337753772735,0.6378139853477478,0.2906698882579803,0.6492845416069031,0.2557887434959411,0.632092297077179,0.2457654476165771,0.6331855654716492,0.2613235116004944,0.6595649123191833,0.2758069336414337,0.667248010635376,144.45809646999643,168.03466377473055,136.9053553058911,123.53143049734236,115.31493606275042,110.24912007116671,176.93393193430228,37.238552034313,52.7945526214324,65.69346178541498,D
0.3099733591079712,0.7364134192466736,0.3352157175540924,0.7041093707084656,0.3330132961273193,0.6566318869590759,0.2906794846057892,0.6419744491577148,0.2522510886192322,0.6363965272903442,0.3049176633358001,0.5598167181015015,0.2887651622295379,0.4830159842967987,0.2756635248661041,0.4367415904998779,0.2640726268291473,0.3965975046157837,0.2768507897853851,0.5768583416938782,0.2532611787319183,0.5691395998001099,0.2705195248126983,0.6116182804107666,0.2905778884887695,0.6299965977668762,0.2556970715522766,0.6025243997573853,0.2364811301231384,0.6051456928253174,0.2558428347110748,0.6417751312255859,0.2739394009113312,0.6496953368186951,0.2411080598831176,0.6328404545783997,0.22688589990139,0.6357786655426025,0.243894949555397,0.6631715893745422,0.2602263987064361,0.670779824256897,139.33998271339064,169.76266891929936,119.84622891305489,104.29887048982596,111.9470559499445,111.7536086424218,176.06880188537116,49.77037003538573,69.90773363251316,69.83540900413982,D
0.3039445281028747,0.735862135887146,0.3288961946964264,0.7029644846916199,0.328081876039505,0.6545398235321045,0.2869370579719543,0.6416892409324646,0.2483422011137008,0.6394689679145813,0.2970996797084808,0.5601140856742859,0.280260294675827,0.4853259325027466,0.2665905654430389,0.4382021427154541,0.2540290057659149,0.3986684381961822,0.26833376288414,0.5756642818450928,0.2462841272354126,0.5743241310119629,0.2654803097248077,0.6191481947898865,0.2856090664863586,0.6337927579879761,0.2470515817403793,0.6015917658805847,0.2296277284622192,0.6100811958312988,0.2506428360939026,0.6452516317367554,0.2694162726402282,0.6485677361488342,0.2321024090051651,0.632347047328949,0.218549370765686,0.6399853825569153,0.2372928261756897,0.666965901851654,0.2546605169773102,0.6723942756652832,141.8576052925638,169.5411975286958,106.0107305531348,86.98656198080552,95.35653333096194,108.30833044202716,176.51271574911124,63.33857936791631,85.1175044361049,84.61726820482365,D
0.2996216714382171,0.7423433065414429,0.3231552243232727,0.706691563129425,0.316475361585617,0.6575117111206055,0.2715779840946197,0.6444534063339233,0.2325402349233627,0.6382400989532471,0.2915993332862854,0.5624808669090271,0.2733813822269439,0.4859834313392639,0.2586870491504669,0.4379671812057495,0.2458228915929794,0.3973318636417389,0.2632171213626861,0.5801803469657898,0.2356228530406952,0.5742459297180176,0.2545673549175262,0.6238017678260803,0.277384489774704,0.642394483089447,0.2409810125827789,0.6053903102874756,0.2179713398218155,0.6054904460906982,0.23785200715065,0.6455591320991516,0.257674366235733,0.6533825397491455,0.2259527146816253,0.6351057291030884,0.2054567039012909,0.633317232131958,0.2225005626678466,0.6616886854171753,0.2407132089138031,0.6726436614990234,138.8365039973578,169.15832138743158,114.7899190632977,112.9303409219816,129.4749219229081,113.95183380825006,176.37993335662287,56.94169195036229,63.86035980906523,54.01805037334061,D
0.2925363779067993,0.7296522855758667,0.3125333487987518,0.6929818391799927,0.3030313849449157,0.6509037017822266,0.2596482932567596,0.6383458375930786,0.2188531011343002,0.6332385540008545,0.2755495309829712,0.5573129653930664,0.2575506567955017,0.4862127900123596,0.2429648339748382,0.4387633204460144,0.2305578887462616,0.3998147845268249,0.2486153841018676,0.5780882239341736,0.2199516743421554,0.5763764977455139,0.2364859730005264,0.6151999235153198,0.2576135694980621,0.6320621371269226,0.2287949472665786,0.6073293089866638,0.2052581161260604,0.6104294061660767,0.2240266501903534,0.6407020092010498,0.2428052425384521,0.648617148399353,0.2166229784488678,0.6391701102256775,0.1956461071968078,0.640698254108429,0.2132103443145752,0.6632080078125,0.2320251613855362,0.6723921298980713,138.67073356621034,171.42336937215129,109.57830044996726,110.02024005531796,125.829644795625,118.86878967764896,177.11861071830458,63.51408832460652,65.70512796466116,56.201858950553806,D
0.2814924418926239,0.7310729026794434,0.2992076277732849,0.6948782205581665,0.2863893508911133,0.6516697406768799,0.2406246960163116,0.640554666519165,0.2005288302898407,0.634480357170105,0.2658491134643554,0.5582922697067261,0.2462693899869918,0.4856778383255005,0.2304078191518783,0.4394804239273071,0.2161800116300583,0.4006333351135254,0.2398763000965118,0.5786556601524353,0.2076106965541839,0.5789816975593567,0.2277887016534805,0.6216716170310974,0.2521918416023254,0.6370803713798523,0.2201896160840988,0.6056612730026245,0.1932134330272674,0.6084059476852417,0.2141878306865692,0.6406431198120117,0.2340024709701538,0.6452487707138062,0.2085626274347305,0.6357455253601074,0.1850839257240295,0.636418342590332,0.2033521980047226,0.660321831703186,0.2219628989696502,0.6677851676940918,137.39737129860353,170.08305351089805,104.69290052333386,110.24045120754772,125.7761989495632,120.1749422763952,176.1407615791428,65.28050846474832,62.760387715978986,54.25252925602523,D
0.276691198348999,0.7369394302368164,0.2950941622257232,0.7013415694236755,0.2817197740077972,0.6545814275741577,0.2363790273666381,0.6387318968772888,0.1962905377149582,0.6327610015869141,0.2606784999370575,0.5605358481407166,0.2400107979774475,0.487572968006134,0.2246149778366089,0.441531777381897,0.2106831520795822,0.4024670124053955,0.2349333763122558,0.5802227258682251,0.2019115090370178,0.5747910737991333,0.2198560684919357,0.6168188452720642,0.2428449839353561,0.632296621799469,0.2155320048332214,0.6072081923484802,0.187214508652687,0.6062185168266296,0.2069041430950164,0.6390411853790283,0.2271506041288375,0.6429398059844971,0.2046394050121307,0.6376861929893494,0.180863618850708,0.6361974477767944,0.1981805115938186,0.6590557098388672,0.2174190133810043,0.6663349270820618,136.7008234456838,169.37122409822663,114.26079292839496,117.24222516731164,129.5603161116863,125.22947932431887,177.32593743824174,57.53827331785925,57.039704782237386,49.2703132518021,D
0.2621711790561676,0.6812177300453186,0.2821610271930694,0.6243902444839478,0.2724980115890503,0.5719761252403259,0.2419790923595428,0.5539211630821228,0.2136059403419494,0.56160569190979,0.2426250874996185,0.5521754026412964,0.2299889624118805,0.4873273968696594,0.2159709483385086,0.44024258852005,0.2044890522956848,0.4056422710418701,0.2133364081382751,0.5697687268257141,0.2031321972608566,0.558672308921814,0.219541847705841,0.5846899747848511,0.2318796515464782,0.6006120443344116,0.192566692829132,0.5967488288879395,0.1896541267633438,0.592107892036438,0.2064428329467773,0.6086444854736328,0.2170282006263733,0.6185657978057861,0.1798594146966934,0.6277375817298889,0.1787031292915344,0.6240898966789246,0.1945572197437286,0.6356920599937439,0.204180508852005,0.6440302133560181,150.17427347759494,177.58679371174262,161.06060437963777,172.62224530657485,140.6010329144136,131.0542205963335,174.44711012917486,10.361370826101773,13.32182509214894,36.21482882106297,D
0.2735261917114258,0.7376581430435181,0.2920790910720825,0.7041230201721191,0.2785828113555908,0.6562626361846924,0.2316531985998153,0.642686665058136,0.1912606805562973,0.6369631886482239,0.2554400563240051,0.5590357780456543,0.2323875427246093,0.4862646460533142,0.2165741324424743,0.4418320059776306,0.2024129033088684,0.4027710855007171,0.229461595416069,0.5775570869445801,0.1984312981367111,0.5766086578369141,0.2193069458007812,0.6194323897361755,0.2431441098451614,0.6292176246643066,0.2095899134874344,0.6029465794563293,0.1818234324455261,0.6053058505058289,0.2027929574251175,0.6414632201194763,0.2229955643415451,0.6408505439758301,0.1975071430206298,0.6320151686668396,0.1740002930164337,0.6323192119598389,0.1931389421224594,0.6579644083976746,0.2125172913074493,0.66392582654953,135.29890550285154,168.2044785583918,107.13917470920596,110.53310884658366,124.99717002862496,121.88235893987893,177.98675967066825,62.26108429031202,64.74500162182215,54.00757408216052,D
0.2662987411022186,0.7397381663322449,0.2807716131210327,0.7064300179481506,0.2614393532276153,0.6592258214950562,0.2150938510894775,0.642318606376648,0.1745657473802566,0.635097324848175,0.2440562099218368,0.5590364933013916,0.220868170261383,0.488369882106781,0.2034910321235656,0.4451990723609924,0.1874259859323501,0.406335711479187,0.2202351838350296,0.5788870453834534,0.1885800212621688,0.5761017203330994,0.2092509865760803,0.6159302592277527,0.2321385145187378,0.627710223197937,0.2014195322990417,0.6064770221710205,0.173328548669815,0.606843888759613,0.1951228082180023,0.6395114660263062,0.2145105302333831,0.6389460563659668,0.1905761659145355,0.6358426213264465,0.1651036292314529,0.6314476132392883,0.1836980134248733,0.6539095044136047,0.2020788490772247,0.6625821590423584,134.24303133696213,168.85086315140038,111.00881099201536,115.21125275241693,135.8752051071518,132.31370528328304,176.24056632452908,57.542257760246486,57.03889804338902,40.592012358163934,D
0.2651748657226562,0.742003321647644,0.278539776802063,0.7055696845054626,0.2562975287437439,0.6583154797554016,0.2123927026987075,0.644328773021698,0.1727214455604553,0.6389351487159729,0.2394857704639434,0.5595216155052185,0.2144361585378646,0.4895860254764557,0.1968066245317459,0.4456061720848083,0.1795664280653,0.4065560698509216,0.2166300266981125,0.5797449350357056,0.1813874095678329,0.5805068016052246,0.2040262371301651,0.6241053342819214,0.2289746105670929,0.6341266632080078,0.1970942914485931,0.6058353185653687,0.167090356349945,0.6082459092140198,0.190519630908966,0.6457803249359131,0.2109391242265701,0.6425952911376953,0.1864088326692581,0.6335442662239075,0.1604177057743072,0.6365500092506409,0.181061714887619,0.6621480584144592,0.2004158943891525,0.6657694578170776,134.64944103565023,168.30665991397478,105.41783904561596,111.97047870798616,119.3915483742615,132.87631704273082,177.86295162638828,63.79751829979132,62.62068753959382,57.711597797546254,D
0.2453145980834961,0.678313672542572,0.2570625245571136,0.6108030080795288,0.2412179112434387,0.5611982941627502,0.2149468213319778,0.5460031032562256,0.1948619931936264,0.5516620874404907,0.1997067481279373,0.5593665242195129,0.1923610717058181,0.4983202815055847,0.1836714595556259,0.453947901725769,0.1775098741054535,0.4225818514823913,0.1731895953416824,0.5844932794570923,0.1784142553806305,0.5689820051193237,0.1939671337604522,0.5870482325553894,0.2041840702295303,0.604353129863739,0.1610176563262939,0.6139216423034668,0.1725561320781707,0.6050918698310852,0.1888122409582138,0.6163270473480225,0.1992570459842682,0.6268409490585327,0.1569259762763977,0.6448863744735718,0.1673348248004913,0.6398473381996155,0.1825080513954162,0.6462761759757996,0.1926071643829345,0.6532680988311768,152.414083605791,165.88309615493347,123.83343612699734,74.80005691774518,46.54801949942394,137.75946753031758,175.7811697918752,59.339607726937295,107.92538506110073,131.20568663596035,D
0.2603365182876587,0.7418265342712402,0.2738160192966461,0.7040234804153442,0.2548038363456726,0.6569698452949524,0.2101454734802246,0.6429359316825867,0.1704107075929641,0.6381471753120422,0.2337116301059723,0.5605265498161316,0.208588570356369,0.4909579753875732,0.1911694258451461,0.4468429982662201,0.1748006492853164,0.4092505276203155,0.2087835073471069,0.5804632902145386,0.1763723492622375,0.5792490839958191,0.1980001330375671,0.6200189590454102,0.2221840023994445,0.6331701874732971,0.1895235925912857,0.6074178814888,0.162038117647171,0.6091150641441345,0.1837458163499832,0.6425841450691223,0.2037182450294494,0.6439710259437561,0.1782251000404358,0.6369638442993164,0.1540292203426361,0.6379078030586243,0.1726601123809814,0.6627575159072876,0.1917272210121154,0.669021725654602,138.37386147139978,168.4984819468306,109.86330639644795,114.24897932506876,125.82811702110848,129.44669327152815,178.3090235899397,59.90930030061504,60.566409824939946,55.37369554468406,D
0.2347399145364761,0.6735056042671204,0.2475001811981201,0.6154561638832092,0.2324766665697097,0.5630525350570679,0.206938549876213,0.5453209280967712,0.1867685317993164,0.5498901009559631,0.1893462836742401,0.5602015256881714,0.1823644936084747,0.5036723613739014,0.17392398416996,0.4623667597770691,0.1670943647623062,0.4309014081954956,0.1648876219987869,0.5867816209793091,0.1678598076105117,0.5849629044532776,0.1877145171165466,0.6034518480300903,0.1969451755285263,0.613139808177948,0.1540460288524627,0.6176729798316956,0.1608453840017318,0.6213593482971191,0.1822451204061508,0.6305777430534363,0.192109078168869,0.6317813396453857,0.1511039286851883,0.648102343082428,0.158172607421875,0.6541897058486938,0.1775760054588318,0.6586384177207947,0.1880325376987457,0.6570978164672852,151.60558573359378,165.2080273805452,82.61307999283912,6.214637951458258,23.83875244259857,140.76997828499012,175.49182195216028,105.5769901941574,174.84002224968563,152.17912200142223,D
0.2521059513092041,0.7373474836349487,0.2643048465251922,0.7002449035644531,0.2436654567718505,0.6549249887466431,0.2040293961763382,0.6390610337257385,0.1659989058971405,0.6338436007499695,0.2224434912204742,0.5621148943901062,0.1968357115983963,0.4934579133987427,0.17864990234375,0.4509974718093872,0.1620899885892868,0.4136293530464172,0.1986424177885055,0.5807907581329346,0.1674106121063232,0.5782299637794495,0.1868454366922378,0.6179620623588562,0.2091895192861557,0.6279146075248718,0.1794022768735885,0.6064774394035339,0.1526455134153366,0.607433557510376,0.1738351434469223,0.6412920355796814,0.1926807165145874,0.6405330896377563,0.1688858568668365,0.6343706250190735,0.1461469084024429,0.6370404362678528,0.1650975942611694,0.661513090133667,0.1826642900705337,0.6660513877868652,137.31448537506668,169.15307438465268,113.54221964984563,117.0074472273234,122.24667322789928,136.298538609768,177.26912871645203,59.247207882633305,60.006977552375,58.94368846926942,D
0.2482667863368988,0.7423588633537292,0.2572755217552185,0.7045692801475525,0.2320050150156021,0.6594191789627075,0.1905499845743179,0.6367186903953552,0.1557070165872573,0.6179195642471313,0.2203721404075622,0.5641504526138306,0.1947209686040878,0.4962973892688751,0.1768784523010254,0.4521503448486328,0.1608011424541473,0.4142321944236755,0.1969169229269027,0.5831035375595093,0.1583029627799987,0.5818706750869751,0.1769639998674392,0.6248137354850769,0.2014383226633072,0.6380749344825745,0.1769837290048599,0.6086824536323547,0.1458576768636703,0.6081452965736389,0.1651991903781891,0.6442098617553711,0.1846569776535034,0.6464599967002869,0.1662919223308563,0.6367549300193787,0.1407926976680755,0.6380656361579895,0.1577158719301223,0.6622798442840576,0.1750922799110412,0.668079137802124,137.35567600792754,168.1876223857285,109.69997172519636,119.05748917222692,124.87782130077623,147.94054348054405,178.70195617534097,64.6837854000513,60.8065507807132,57.99303315038146,D
0.2264476120471954,0.6761202812194824,0.2366260886192321,0.606328010559082,0.2156288027763366,0.5552476644515991,0.1882849484682083,0.5339237451553345,0.1714350879192352,0.5330824851989746,0.1641493141651153,0.5751473903656006,0.1656422913074493,0.5254958271980286,0.1667832434177398,0.4964736402034759,0.1683599054813385,0.4746275246143341,0.1441058218479156,0.6103833317756653,0.1512904465198516,0.5870866775512695,0.1648472249507904,0.591775119304657,0.1722270101308822,0.6008543372154236,0.1396215558052063,0.6415926814079285,0.1464026421308517,0.6188211441040039,0.1607239693403244,0.6203511357307434,0.1695903539657592,0.6269028186798096,0.1432803273200988,0.6662918925285339,0.1473758220672607,0.6481218338012695,0.160314455628395,0.6486783027648926,0.1695653945207595,0.6540023684501648,149.3567096973181,146.60391340951293,111.46223378274236,95.10304631838346,84.0376491479408,150.29443934708186,179.47099748073552,88.06231769918035,100.48493413553852,100.23940823585916,D
0.2461234778165817,0.7373480200767517,0.2543794512748718,0.6985342502593994,0.2305778115987777,0.6566988229751587,0.1894847303628921,0.641960084438324,0.1515284925699234,0.6410648822784424,0.2107721120119094,0.563082218170166,0.1826934963464737,0.4970590770244598,0.1635269820690155,0.4530564546585083,0.1474782526493072,0.4164527356624603,0.188713327050209,0.5869446396827698,0.1472087800502777,0.58271723985672,0.166277140378952,0.6174107789993286,0.1913116872310638,0.6286265850067139,0.1719771325588226,0.616222620010376,0.1376866698265075,0.614953875541687,0.1581301242113113,0.6435293555259705,0.1786159723997116,0.646620512008667,0.1637404412031173,0.6461833119392395,0.1356993615627288,0.6448068618774414,0.1535821706056594,0.6648741960525513,0.1728476583957672,0.6713941097259521,138.3546714678476,168.42805209670576,116.7079904765278,123.5916615985717,134.91347016093755,139.36830649757067,179.5024790372898,55.39005885895368,52.30035927012757,45.48426562683655,D
0.2394118756055832,0.7459115386009216,0.2455724477767944,0.7101559042930603,0.2190326452255249,0.6642618179321289,0.1751748025417328,0.6476632356643677,0.1367137134075164,0.6419793963432312,0.2059037387371063,0.5637852549552917,0.1773107945919037,0.4975080490112304,0.1578358560800552,0.4544275104999542,0.1414374858140945,0.4172286689281463,0.1835744231939315,0.5857787728309631,0.1435094475746154,0.5839436054229736,0.1635080724954605,0.6228665113449097,0.1890315115451812,0.6327914595603943,0.165997713804245,0.6141707897186279,0.1333695948123932,0.6149551868438721,0.1543080061674118,0.6469302177429199,0.174563854932785,0.6461251378059387,0.1575671732425689,0.6436339020729065,0.1300112158060073,0.6461091637611389,0.1484154909849167,0.6677873134613037,0.1676738560199737,0.6727422475814819,140.1840216432015,167.08880022845713,111.8459819848414,117.75212333529072,123.53460806638184,140.76990866314566,179.01029722731852,60.18327192566008,58.15891997241814,54.80238772721186,D
0.2379311323165893,0.7446144223213196,0.2439378499984741,0.7046431303024292,0.2161615490913391,0.6582964062690735,0.1718388348817825,0.6439876556396484,0.1345820128917694,0.6383540034294128,0.2024668008089065,0.5633993744850159,0.173520490527153,0.4977081716060638,0.1547567993402481,0.4552645683288574,0.1381971538066864,0.4180020689964294,0.1804252415895462,0.5862528085708618,0.1385779380798339,0.5863227844238281,0.1595617532730102,0.6222304701805115,0.185212641954422,0.6295884847640991,0.1627430468797683,0.6149040460586548,0.1304557919502258,0.6190840005874634,0.1530725657939911,0.6493849158287048,0.1732334494590759,0.6450799107551575,0.153751328587532,0.6443859338760376,0.1273253858089447,0.6481426954269409,0.1467283070087433,0.6699399948120117,0.1650665998458862,0.6737968325614929,140.51887884772006,167.29269811434867,109.86168204134768,112.72264422254187,121.93513535559426,138.82659520777614,179.93079514386932,59.79455004854297,60.63869847104051,56.41710047410895,D
0.2122789323329925,0.6760156750679016,0.2187274992465973,0.6089556217193604,0.2011294066905975,0.5648032426834106,0.1742101013660431,0.5465245246887207,0.1555672734975814,0.5513143539428711,0.1540701538324356,0.5880109667778015,0.1380645483732223,0.5755999088287354,0.1503792107105255,0.583375096321106,0.1632151752710342,0.5912887454032898,0.1397614926099777,0.6180461645126343,0.1285067051649093,0.6077988743782043,0.1424275636672973,0.6128385066986084,0.1549891978502273,0.6174092292785645,0.1339707970619201,0.6459691524505615,0.1235807090997695,0.6345739960670471,0.1381527483463287,0.6369017958641052,0.151581659913063,0.6391407251358032,0.1334291249513626,0.6713169813156128,0.122229941189289,0.6611659526824951,0.135148286819458,0.6630352735519409,0.1474314630031585,0.6652209162712097,152.7762099185027,161.2724625810216,176.32106976706092,153.35012707876223,141.22083692722782,145.90830217698752,5.523347525578993,22.416041292976324,38.56549405241259,33.95570104318155,D
0.2365917265415191,0.7497190237045288,0.2401683628559112,0.7095226049423218,0.209229439496994,0.6631069779396057,0.1641693115234375,0.6457914113998413,0.1258327662944793,0.6392590403556824,0.1945734024047851,0.5678570866584778,0.1657251566648483,0.5042468309402466,0.1457667797803878,0.4611026644706726,0.1286956816911697,0.4234887063503265,0.1750040203332901,0.5909798741340637,0.1324716508388519,0.5874722003936768,0.151188462972641,0.623676598072052,0.1764358729124069,0.6346208453178406,0.1592122018337249,0.6203605532646179,0.1255820542573928,0.6215727925300598,0.146243542432785,0.6505914330482483,0.166500836610794,0.648654580116272,0.1521949470043182,0.6496776938438416,0.1223188489675521,0.6506096720695496,0.1401544958353042,0.6695919036865234,0.1595191359519958,0.6748029589653015,141.22932945326465,168.61459209127668,115.91983876347442,118.82257717422024,128.36486957005164,144.7065562283471,179.56989932026605,57.94755892378513,56.61325248715636,48.5704820401051,D
0.2333257645368576,0.7499977350234985,0.2326149940490722,0.7083048224449158,0.2005967497825622,0.6618824601173401,0.1566797792911529,0.6430061459541321,0.1177630946040153,0.6323374509811401,0.1890948861837387,0.565255343914032,0.1575201898813247,0.5045831203460693,0.1376450955867767,0.4620871841907501,0.1218291372060775,0.4241834878921509,0.1708245128393173,0.5914486646652222,0.1249512135982513,0.5932211875915527,0.1450109034776687,0.6301954984664917,0.1705500930547714,0.636502742767334,0.1556072980165481,0.6209977865219116,0.1185115873813629,0.6257036924362183,0.1397472023963928,0.6570258736610413,0.1595783978700637,0.6529780030250549,0.1486993432044983,0.6486750841140747,0.1149657815694809,0.6516810655593872,0.1326864212751388,0.6728349328041077,0.1520137786865234,0.6773167848587036,146.38202075826064,165.97114871014367,109.30195531697385,113.83782143430058,124.77706348567676,147.8535633021875,177.5720935776064,63.73160194130418,63.09359956346032,55.13916948074861,D
0.2295376360416412,0.7573705911636353,0.2354692965745926,0.7157812714576721,0.2058219462633133,0.6684967279434204,0.1589284390211105,0.65145343542099,0.1184079051017761,0.6435190439224243,0.1877961456775665,0.5667761564254761,0.1572015732526779,0.5036777853965759,0.1362979114055633,0.4609576761722564,0.1189402788877487,0.4234238564968109,0.1667245328426361,0.5928823947906494,0.1202912181615829,0.5921828150749207,0.1399518698453903,0.630625307559967,0.1658257991075515,0.6393190026283264,0.150351345539093,0.6241022944450378,0.1135821416974067,0.6261271834373474,0.1346607357263565,0.6573202013969421,0.1554935127496719,0.6549670100212097,0.1432919055223465,0.6535063982009888,0.1099070683121681,0.651077151298523,0.1270258426666259,0.6715126037597656,0.1471794843673706,0.67760169506073,139.7952935103435,166.4857290646744,111.7635272408225,117.56612280499446,133.86702101539365,142.06117157736594,179.7941286849498,62.050253981097626,59.10335841469194,45.88530727721719,D
0.1963751912117004,0.6767717599868774,0.2074310481548309,0.619731068611145,0.1948258727788925,0.5751519203186035,0.1681965440511703,0.5676409602165222,0.1445770561695099,0.5822921395301819,0.1564813703298568,0.5713375806808472,0.1441561132669448,0.526218056678772,0.1375656276941299,0.4941640496253967,0.1330019533634185,0.4678354859352112,0.1335577666759491,0.5959898233413696,0.1318151205778122,0.584436297416687,0.1523979008197784,0.6054078340530396,0.1645031720399856,0.6185475587844849,0.119136743247509,0.6243466734886169,0.1181822568178176,0.6155945062637329,0.1412142515182495,0.6309834122657776,0.1529721170663833,0.6374642252922058,0.1115211695432663,0.6548886299133301,0.1097344756126403,0.6500363945960999,0.1295554786920547,0.6590099930763245,0.141140267252922,0.6628155708312988,153.24196332247104,174.5532079773723,150.70815255741704,130.39035818804038,124.67575500993672,121.5401720406316,176.33974985844614,35.88658819372874,50.0270813083292,45.42746900584287,D
0.2255541235208511,0.7493109107017517,0.229270339012146,0.7110558152198792,0.1996221542358398,0.6707576513290405,0.1542150825262069,0.6591998338699341,0.1148472726345062,0.6517822742462158,0.182338461279869,0.5700927376747131,0.1508486568927765,0.5064992904663086,0.1291024386882782,0.4643977284431457,0.1113576292991638,0.4277693331241607,0.1620892137289047,0.5927976369857788,0.1179293841123581,0.5928699374198914,0.1362448036670684,0.6329175233840942,0.1604151427745819,0.6405161619186401,0.145774632692337,0.6215336918830872,0.1088061779737472,0.6243418455123901,0.1293050050735473,0.6569265723228455,0.1489306986331939,0.6538761854171753,0.1387224495410919,0.651271641254425,0.1056771725416183,0.6544706225395203,0.1242519244551658,0.6755496859550476,0.1443701237440109,0.6810152530670166,138.10884542088908,167.21376814102803,111.97836273491085,117.63527848555933,126.00140705903264,140.6233644784765,179.02623290613303,65.51722656423851,62.17017648270409,54.14302523683402,D
0.1978025436401367,0.6740518808364868,0.2082533538341522,0.6278814673423767,0.1994940638542175,0.5885980725288391,0.1801821291446685,0.5743690729141235,0.1600784361362457,0.5816376805305481,0.1581573337316513,0.5685950517654419,0.1438153088092804,0.5222826600074768,0.1340100616216659,0.4882360696792602,0.1254000067710876,0.4611862599849701,0.1374179124832153,0.5950416922569275,0.1249740049242973,0.5887137055397034,0.1508724242448806,0.6147372126579285,0.1635222434997558,0.6241546273231506,0.1227859258651733,0.6245846152305603,0.1140923202037811,0.6222049593925476,0.1416705548763275,0.6387777924537659,0.1538349688053131,0.641696035861969,0.1152645051479339,0.658025324344635,0.106661170721054,0.6570960879325867,0.1299707591533661,0.6652465462684631,0.1428004503250122,0.6658289432525635,154.67584711961985,176.60357245701968,154.3436586469141,161.90675040165272,175.17606888131706,138.95272977416624,178.8594236791244,18.183747457238336,15.694989103873374,13.108195624311309,D
0.2233384847640991,0.7514865398406982,0.2281003594398498,0.7134731411933899,0.1989457607269287,0.6717472672462463,0.1535920798778534,0.6614612340927124,0.1151306927204132,0.6579307317733765,0.181062638759613,0.5709970593452454,0.1496909111738205,0.5063768625259399,0.128615066409111,0.4641048014163971,0.110665738582611,0.4273955821990967,0.1588620692491531,0.5955104827880859,0.1150443330407142,0.5963987112045288,0.1353910267353058,0.6366705298423767,0.1607463508844375,0.6439839601516724,0.14165960252285,0.6249703168869019,0.1069340705871582,0.6272072792053223,0.1284008920192718,0.6613084673881531,0.1483956426382064,0.6579867601394653,0.1344134211540222,0.6550000905990601,0.1029200404882431,0.6576453447341919,0.1215516701340675,0.6795613765716553,0.1411943435668945,0.6832060813903809,137.91717276853717,167.28708909578307,111.29763675091073,119.16048142583226,127.86344781772884,137.72096436962752,179.39583127951542,64.35682315810396,61.495244756120776,54.43213694318573,D
